gene	AGCAGGAA	AGTCACTA	ATCCTGTA	ATTGAGGA	CAACCACA	CAAGACTA	CAATGGAA	CACTTCGA	CATACCAA	CCAGTTCA	CCGAAGTA	CCGTGAGA	CCTCCTGA	CGAACTTA	CGACTGGA	CGCATACA	CTCAATGA	CTGAGCCA	CTGGCATA	GAATCTGA	GACTAGTA	GAGCTGAA	GATAGACA	GCCACATA
5S	2	1	1	2	2	1	1	1	2	1	2	1	5	1	1	1	1	1	1	3	1	1	2	2
7SK	2	4	1	4	1	3	2	1	1	1	1	1	2	1	1	1	1	1	2	1	2	2	1	2
7SLRNA	4	6	1	4	3	1	1	2	4	4	1	2	1	2	1	1	3	3	3	1	30	2	4	2
A-rich	40	44	25	46	57	7	58	63	65	44	41	56	10	32	36	40	63	38	62	10	48	50	54	40
ACRO1	0	1	0	1	2	1	1	1	1	0	0	2	0	1	1	1	1	2	1	1	1	1	1	2
ALR/Alpha	5	4	4	5	7	2	2	5	5	6	6	5	1	6	6	9	4	4	7	2	8	7	12	2
Alu	4	2	5	14	3	1	5	3	2	4	2	2	2	2	1	2	12	1	3	1	3	4	13	2
AluJb	35	31	14	33	36	10	36	18	36	25	23	33	9	26	20	47	34	14	29	7	47	18	33	36
AluJo	19	8	11	11	13	17	6	15	17	16	11	10	3	10	7	15	13	5	12	1	21	11	17	11
AluJr	28	24	15	26	45	4	31	26	37	21	21	49	4	25	15	21	48	15	46	6	34	18	31	21
AluJr4	11	3	1	3	2	8	20	2	1	3	1	3	3	3	1	2	3	14	3	4	3	4	2	14
AluSc	11	15	10	16	10	6	22	19	29	24	11	13	5	21	12	14	14	12	23	12	27	15	37	20
AluSc5	1	6	1	2	3	2	1	3	3	3	1	4	2	1	1	2	2	8	3	2	1	1	2	3
AluSc8	13	7	9	14	11	1	17	12	21	9	9	20	4	14	6	6	18	9	18	4	10	33	23	18
AluSg	15	22	9	20	19	2	22	19	24	13	18	14	18	14	8	16	12	13	15	2	15	17	40	18
AluSg4	31	43	14	19	22	3	23	19	43	16	13	23	2	38	20	54	23	14	23	4	20	26	24	18
AluSg7	25	1	1	3	2	1	16	4	1	1	3	1	1	1	5	11	1	1	4	3	4	3	3	1
AluSp	23	10	15	25	23	1	26	30	39	20	24	36	1	18	8	20	31	13	31	1	28	24	47	24
AluSq	9	16	7	12	16	1	12	14	36	9	11	13	2	11	11	7	39	9	11	3	18	12	16	11
AluSq10	1	1	1	1	4	1	1	2	1	3	2	1	6	1	1	1	2	1	6	2	3	2	2	10
AluSq2	39	21	26	42	39	6	33	34	50	26	29	35	6	28	26	55	64	20	47	17	41	39	60	39
AluSq4	2	3	1	1	4	1	1	1	4	1	1	1	1	2	5	1	6	6	2	5	4	6	7	1
AluSx	130	81	52	133	164	27	132	108	166	105	107	109	26	90	77	141	120	77	98	24	128	93	129	147
AluSx1	38	23	25	36	46	7	44	41	61	43	40	41	7	45	17	26	53	28	66	9	53	47	47	83
AluSx3	11	13	10	18	12	6	15	16	16	19	15	15	1	17	9	12	22	18	13	5	26	12	18	11
AluSx4	3	3	2	4	5	7	3	1	7	4	3	3	4	4	4	1	2	2	7	5	6	4	8	3
AluSz	35	33	12	34	35	8	31	29	38	41	28	29	14	49	23	64	53	23	32	12	46	26	39	30
AluSz6	55	89	23	46	54	17	61	57	70	48	60	34	9	84	37	73	56	30	47	12	57	42	67	55
AluY	49	41	37	65	62	11	68	69	86	75	70	58	14	78	36	54	98	38	57	19	90	136	68	70
AluYa5	5	7	6	6	9	3	3	3	7	5	4	3	1	3	1	2	4	1	25	7	5	4	5	8
AluYa8	5	2	3	1	9	4	5	3	1	1	1	1	2	5	5	3	2	3	1	1	1	1	4	4
AluYb8	1	9	7	5	2	1	20	11	10	6	1	1	3	6	11	5	3	1	23	2	4	2	7	2
AluYb9	1	3	2	2	1	1	2	2	6	1	3	3	1	2	3	5	4	3	1	1	3	3	2	5
AluYc	4	10	1	1	2	1	2	3	11	1	1	2	1	1	5	5	2	3	2	1	1	3	1	8
AluYc3	2	1	1	2	2	1	1	1	3	1	5	1	1	2	6	2	5	1	1	4	1	1	2	1
AluYd8	2	2	1	2	1	1	2	1	1	1	1	3	2	2	2	2	6	2	1	1	2	1	2	1
AluYe5	23	14	7	22	18	4	26	19	29	13	18	11	3	14	6	25	18	7	14	8	31	20	27	38
AluYe6	2	2	1	1	1	1	1	1	1	4	1	2	1	1	1	23	2	2	1	1	2	2	2	1
AluYf1	2	5	1	2	4	1	5	5	13	1	3	4	1	2	1	1	10	1	5	1	2	3	3	5
AluYg6	2	1	2	1	3	1	1	1	4	1	1	1	2	2	3	2	1	1	2	1	1	2	4	3
AluYh3	1	1	2	2	5	1	1	1	1	1	1	2	1	1	2	1	2	2	2	1	2	1	1	4
AluYh3a3	1	1	1	1	1	2	3	1	1	3	1	1	1	1	1	1	1	1	1	1	1	1	1	1
AluYh7	4	7	2	7	8	4	2	1	3	4	3	3	1	1	3	1	3	1	3	1	2	2	2	2
AluYh9	1	6	0	1	1	1	1	1	1	1	1	1	1	1	1	1	1	1	1	0	1	1	4	1
AluYi6	3	1	1	1	1	1	1	1	2	1	1	2	1	3	1	1	2	2	2	1	5	1	1	2
AluYi6_4d	2	1	1	2	3	1	4	3	3	1	2	3	0	1	2	1	3	1	2	0	3	1	4	1
AluYj4	7	8	1	1	3	1	1	1	1	10	1	2	2	1	1	11	3	1	1	1	12	1	5	1
AluYk11	8	2	1	1	2	1	1	2	2	1	1	1	1	1	1	1	3	1	1	1	1	1	3	1
AluYk12	1	1	3	1	2	1	1	2	4	6	1	4	1	1	1	1	4	1	1	2	1	3	1	2
AluYk2	4	2	2	6	4	1	4	4	2	5	1	6	3	6	4	3	5	6	7	2	11	5	6	3
AluYk3	4	3	4	12	3	3	4	3	3	7	3	2	1	4	4	5	5	3	4	1	7	4	6	4
AluYk4	5	2	1	2	2	1	3	5	4	4	1	6	4	3	2	3	1	3	1	2	5	29	2	4
AluYm1	5	5	1	4	3	2	5	3	5	9	3	5	1	2	3	3	2	5	3	1	5	6	7	9
AmnSINE1	1	1	1	2	1	6	7	1	5	2	4	4	2	2	1	6	3	2	1	2	2	1	2	3
AmnSINE2	1	2	1	1	1	1	1	2	1	1	1	1	1	1	3	1	1	1	3	3	2	2	1	1
Arthur1	28	1	1	11	1	2	5	1	1	12	4	5	3	13	5	7	8	6	8	1	7	8	8	7
Arthur1A	2	2	1	1	2	1	3	3	1	1	4	3	1	1	1	2	1	1	1	2	1	3	2	1
Arthur1B	11	11	3	1	7	2	11	1	8	7	8	2	3	8	4	10	10	6	10	4	19	8	9	4
Arthur1C	1	1	2	2	4	1	1	1	2	3	3	3	2	2	4	1	1	1	1	1	3	2	2	4
Arthur2	1	2	3	1	2	1	4	1	3	2	1	2	1	1	1	1	1	1	2	3	2	1	1	1
BC200	1	2	3	27	6	2	6	1	6	2	8	1	1	3	2	2	2	1	1	2	1	1	4	1
BLACKJACK	4	4	1	5	4	10	5	1	4	3	2	2	10	4	4	3	7	1	1	2	3	2	1	4
BSR/Beta	41	49	17	60	59	16	60	46	77	48	52	62	5	53	32	48	47	27	39	12	69	48	53	65
CER	1	3	1	1	3	3	1	4	2	1	2	1	1	2	4	1	1	1	1	7	3	1	1	1
CR1-11_Crp	2	1	0	0	3	0	2	2	3	4	1	0	0	1	1	1	1	4	1	1	2	1	2	1
CR1-12_AMi	1	1	1	1	2	1	1	1	1	1	1	1	1	1	1	1	1	1	1	1	1	1	1	1
CR1-13_AMi	1	1	1	0	1	1	1	1	1	1	1	1	1	1	1	1	3	1	1	1	1	1	1	1
CR1-16_AMi	3	2	2	6	1	2	2	2	5	3	1	1	1	2	1	3	3	2	5	2	4	1	1	5
CR1-1_Amn	1	1	1	2	1	0	1	1	1	1	1	1	1	1	1	1	1	0	1	0	1	2	1	1
CR1-3_Croc	8	4	5	3	8	1	3	2	4	3	4	3	1	5	2	4	5	1	3	1	1	2	6	8
CR1-8_Crp	0	0	0	0	0	0	0	0	0	0	0	0	0	0	0	0	0	0	1	0	0	1	0	0
CR1-L3A_Croc	1	9	1	4	2	1	2	2	1	1	1	1	1	1	1	1	1	2	1	1	1	2	2	3
CR1-L3B_Croc	1	0	0	0	0	0	1	4	0	0	0	1	0	0	0	1	0	0	0	0	1	1	1	0
CR1_Mam	8	1	1	12	2	4	14	2	5	1	5	11	2	4	4	4	8	6	3	2	1	13	7	7
Chap1_Mam	1	2	1	1	2	1	1	1	1	1	2	1	4	1	1	1	1	2	1	1	2	1	2	3
Chap1a_Mam	2	3	1	1	5	1	3	2	2	6	2	3	1	2	1	1	2	3	1	1	3	4	1	2
Charlie1	16	4	2	1	9	1	6	3	1	5	4	1	1	4	5	2	2	2	6	1	2	10	3	2
Charlie10	4	8	2	3	5	1	4	4	1	7	6	5	2	1	1	6	9	4	7	1	4	5	4	1
Charlie10a	1	2	1	2	2	1	1	1	1	2	1	1	1	1	1	1	1	2	1	1	1	6	2	1
Charlie10b	1	1	1	1	1	3	2	1	1	1	1	1	1	1	1	1	1	1	1	1	1	1	1	2
Charlie11	2	2	3	1	5	1	5	2	3	1	1	1	1	4	2	1	6	4	4	1	1	1	4	2
Charlie12	1	1	1	3	1	1	2	1	1	1	1	2	0	3	1	1	1	2	3	0	3	1	1	3
Charlie13a	5	7	1	1	4	1	4	3	9	6	2	2	1	5	5	8	7	2	5	1	4	6	7	1
Charlie13b	4	3	1	2	2	1	1	1	3	6	4	1	1	2	1	3	2	1	3	1	5	5	3	5
Charlie14a	3	2	1	1	1	1	3	1	1	1	1	2	1	1	1	2	1	1	1	2	1	2	1	1
Charlie15a	6	4	8	2	6	1	8	6	5	7	6	5	1	6	4	4	10	2	4	2	4	3	3	4
Charlie15b	4	3	1	1	3	1	3	15	3	1	3	3	1	1	1	3	3	2	3	1	1	3	1	1
Charlie16	6	2	3	3	7	1	4	4	2	3	3	2	1	7	1	5	7	2	3	1	8	4	6	3
Charlie16a	5	2	1	5	3	9	7	4	2	6	6	2	2	2	1	3	4	21	1	2	7	2	6	4
Charlie17	1	3	1	1	1	1	1	2	1	2	1	1	1	2	3	2	1	1	1	1	1	4	1	1
Charlie17a	26	21	11	27	25	3	26	28	35	38	22	23	3	23	23	24	29	17	29	3	20	28	25	26
Charlie17b	1	1	1	1	1	1	1	1	1	1	8	1	2	1	1	1	1	1	2	3	2	1	2	2
Charlie18a	4	4	1	15	11	2	8	9	10	4	11	10	2	13	7	10	10	9	11	2	15	10	13	11
Charlie19a	2	2	2	4	1	1	1	1	1	4	2	1	1	2	2	2	5	2	3	1	4	4	3	4
Charlie1a	2	2	2	3	20	2	1	22	3	1	2	2	5	3	2	1	1	1	24	7	1	5	21	2
Charlie1b	10	11	1	11	6	3	4	3	2	9	2	1	1	4	1	9	4	4	11	3	3	1	6	8
Charlie20a	1	2	1	2	1	2	72	1	1	1	1	1	2	1	2	1	1	1	1	2	1	1	1	2
Charlie21a	1	1	9	1	2	1	3	6	1	1	1	2	1	3	2	4	1	1	2	2	1	1	2	2
Charlie22a	5	5	4	5	4	2	7	3	5	3	3	3	3	5	1	3	4	2	3	2	4	1	1	5
Charlie23a	5	5	3	3	1	1	1	3	2	2	1	2	1	4	1	1	2	1	4	1	1	5	3	4
Charlie24	1	1	1	2	1	3	1	1	8	1	1	1	1	1	1	2	1	1	2	1	2	3	1	1
Charlie25	1	1	5	1	4	3	1	5	1	1	4	1	1	2	2	2	1	1	7	1	2	2	2	1
Charlie26a	1	1	2	1	2	2	1	1	1	1	1	2	1	6	4	1	1	1	2	2	1	1	2	3
Charlie29a	2	3	3	3	1	1	3	2	3	1	3	2	1	2	1	3	3	2	1	2	11	10	4	3
Charlie29b	1	2	1	2	1	2	1	5	1	11	1	2	1	1	2	1	1	10	1	1	2	1	1	2
Charlie2a	6	5	3	9	1	2	1	5	8	9	1	9	1	7	2	4	4	6	3	1	5	4	6	8
Charlie2b	9	1	5	1	1	1	14	8	12	7	2	7	1	10	8	1	13	1	1	1	1	12	1	8
Charlie3	2	1	14	22	25	3	1	23	1	1	18	23	4	2	19	1	2	1	1	1	25	1	2	1
Charlie30a	4	2	3	3	2	1	3	5	4	1	4	3	3	6	5	4	5	5	4	2	2	4	6	7
Charlie30b	5	7	2	6	2	1	2	5	3	1	3	6	2	3	1	6	3	6	7	1	3	1	6	3
Charlie31a	1	2	1	1	4	1	1	2	1	2	2	1	1	6	2	1	4	1	3	1	3	3	1	2
Charlie32a	3	2	2	5	4	2	6	6	3	1	4	2	1	1	2	3	2	4	3	4	2	3	7	4
Charlie4	1	2	1	1	2	1	1	1	1	1	2	1	1	1	1	2	1	2	1	1	4	3	1	1
Charlie4a	79	66	39	13	83	16	97	77	94	70	75	58	17	69	83	66	87	58	70	20	58	87	144	1
Charlie4z	1	8	3	1	8	2	1	8	1	3	9	1	1	8	7	8	11	1	1	1	6	1	1	13
Charlie5	9	10	2	4	3	2	8	3	9	2	1	3	2	6	10	7	11	4	8	3	12	14	3	8
Charlie6	1	2	1	2	1	1	4	1	1	1	1	2	1	1	3	1	1	1	1	2	1	1	1	1
Charlie7	27	21	7	18	19	4	15	23	28	24	27	20	3	1	26	27	1	19	1	4	1	17	27	23
Charlie7a	104	100	55	110	122	23	115	115	155	115	117	102	25	2	79	135	143	79	1	29	142	115	133	89
Charlie7b_Mars	1	1	3	1	1	1	1	1	1	1	1	1	1	1	1	1	1	1	1	0	2	1	1	19
Charlie8	7	4	1	5	9	2	1	4	7	6	5	3	1	9	7	5	15	3	5	1	6	14	8	9
Charlie9	1	1	1	1	1	4	2	2	1	1	1	1	1	1	1	1	1	1	1	1	1	2	1	2
Cheshire	3	1	1	4	3	2	2	7	9	6	1	1	3	4	3	2	4	1	1	1	2	3	3	4
Chompy-6_Croc	0	0	0	0	0	0	0	0	1	0	0	1	0	0	0	0	0	0	0	0	0	0	0	0
Chompy-7_Croc	0	0	0	0	0	0	0	0	0	0	0	0	0	1	0	0	0	1	0	0	0	0	0	0
D20S16	1	1	1	1	2	1	2	1	1	1	2	1	2	2	1	1	1	0	1	0	1	2	1	1
DNA1_Mam	1	1	2	1	2	0	1	1	1	1	2	1	1	1	1	2	1	2	1	1	1	2	1	1
ERV24B_Prim-int	3	1	2	1	1	2	2	3	3	2	5	2	2	90	1	1	4	2	2	4	1	3	1	3
ERV24_Prim-int	1	2	1	3	1	1	1	1	2	3	1	4	1	8	1	2	3	1	1	1	1	4	5	1
ERV3-16A3_I-int	34	49	33	43	49	5	39	38	80	41	25	63	8	39	24	92	44	24	58	16	40	39	71	42
ERV3-16A3_LTR	4	7	3	4	7	1	1	4	5	5	8	8	1	6	4	5	6	2	8	1	4	3	8	2
ERVL-B4-int	38	2	1	3	4	5	2	2	2	1	2	4	7	2	3	3	3	3	33	1	6	4	4	3
ERVL-E-int	37	1	12	2	1	6	2	1	1	21	1	1	3	2	12	3	1	9	1	7	2	1	22	22
ERVL-int	7	4	3	1	7	1	3	1	8	1	1	2	2	5	4	1	8	2	1	3	8	10	1	1
ERVL47-int	1	1	1	2	2	1	3	1	3	1	11	1	1	1	1	1	1	1	1	1	2	1	2	1
EUTREP14	1	1	1	1	1	3	1	1	1	2	1	1	3	2	5	1	1	1	1	1	2	1	1	1
EUTREP15	3	2	1	1	1	1	2	1	1	2	2	1	1	2	1	2	1	3	2	3	2	1	1	1
EUTREP16	3	1	1	3	2	2	1	1	1	1	2	1	1	3	1	1	2	6	1	1	5	1	4	1
EUTREP2	3	2	1	4	2	1	2	2	1	2	1	2	2	2	1	13	2	2	2	2	2	1	2	1
EUTREP4	1	1	1	2	1	0	1	1	1	1	1	2	1	2	1	1	2	1	1	1	2	2	1	1
EUTREP6	0	1	0	0	0	0	0	1	2	0	0	0	0	0	0	0	0	0	0	0	0	0	1	0
EUTREP7	4	1	36	1	1	1	2	4	1	3	1	5	1	5	1	3	3	1	1	1	1	1	2	1
EUTREP8	1	1	1	1	2	0	2	1	1	1	1	2	1	3	1	1	2	1	1	1	1	1	2	2
Eulor1	1	2	0	1	1	0	1	2	1	1	1	2	0	2	1	2	0	1	1	1	1	1	1	1
Eulor10	1	1	1	1	1	0	1	1	1	3	1	2	1	1	0	0	0	1	0	1	1	1	1	1
Eulor11	2	1	0	1	1	0	1	1	1	1	2	1	1	1	1	0	1	1	1	0	1	1	1	1
Eulor12	0	1	1	1	1	1	0	0	1	0	0	0	0	1	1	1	0	1	1	0	0	1	1	0
Eulor2A	1	3	3	1	1	1	5	1	7	3	1	1	1	2	1	1	1	1	2	1	2	2	4	2
Eulor2B	1	1	1	1	1	0	1	1	1	1	1	0	1	1	1	2	1	1	1	0	1	1	1	2
Eulor2C	1	1	0	2	1	0	3	1	1	2	2	2	2	1	2	1	1	1	3	1	2	1	2	1
Eulor3	7	3	7	3	3	0	4	1	8	7	14	6	0	1	11	1	1	4	1	1	5	1	2	6
Eulor4	1	2	1	1	1	0	1	1	1	2	1	2	1	1	0	7	1	1	1	0	1	1	2	1
Eulor5A	1	2	2	1	1	0	2	1	14	1	1	2	0	1	1	4	1	1	1	1	3	1	1	2
Eulor5B	1	1	0	1	1	0	1	1	1	1	0	1	0	1	1	1	1	0	1	0	1	2	0	0
Eulor6A	0	0	0	1	0	0	0	1	0	1	1	0	0	1	0	1	0	0	1	1	0	1	0	0
Eulor6B	1	1	1	1	1	0	1	1	1	1	1	1	0	1	1	1	1	1	1	0	1	1	1	1
Eulor6C	0	0	0	0	0	0	0	0	0	0	0	0	0	0	0	0	0	0	0	0	0	0	1	0
Eulor6D	0	2	2	1	1	1	2	2	3	0	1	1	1	1	1	1	1	0	1	0	2	1	3	1
Eulor6E	1	1	0	1	1	0	2	1	3	1	1	0	1	0	1	1	1	1	0	1	1	1	1	0
Eulor7	0	1	0	0	1	0	0	1	0	1	1	0	0	0	0	0	0	0	0	0	1	0	0	0
Eulor8	3	2	1	4	2	0	11	5	6	1	4	5	1	3	4	3	1	3	2	1	3	4	5	4
Eulor9A	1	1	3	1	1	1	1	2	2	4	2	2	1	3	1	1	1	1	1	0	2	1	3	1
Eulor9B	0	0	0	0	1	0	0	0	0	1	0	1	0	1	1	0	0	0	1	0	0	0	0	0
Eulor9C	1	1	1	2	1	0	1	1	1	1	1	1	0	1	1	1	1	2	1	1	1	1	1	1
EutTc1-N1	2	2	1	1	1	0	2	3	2	1	0	1	0	1	2	2	0	4	1	1	1	1	1	3
EutTc1-N2	1	1	1	1	1	0	1	1	2	1	1	1	0	1	1	1	1	0	2	1	3	1	1	1
EuthAT-2	2	3	2	1	3	1	3	7	1	1	3	3	2	2	3	1	2	2	4	1	4	5	3	1
EuthAT-N1	2	1	4	1	1	0	6	5	1	3	1	3	0	7	1	1	1	3	2	0	1	1	1	6
EuthAT-N1a	0	1	1	0	1	0	1	0	1	1	1	0	0	0	1	1	1	1	0	0	1	3	0	1
Eutr10	5	1	1	3	1	1	2	1	3	1	2	1	1	2	1	3	3	1	1	1	1	1	2	3
Eutr11	1	1	1	3	1	1	1	2	2	1	1	3	1	1	1	2	3	1	1	1	2	1	1	2
Eutr15	1	2	1	1	2	1	1	1	1	3	1	3	1	1	1	1	4	1	1	1	1	1	2	3
Eutr16	3	1	1	1	1	1	1	2	2	1	1	2	17	1	1	1	3	4	1	1	1	1	1	1
Eutr18	1	3	1	2	1	1	1	1	2	2	1	2	3	1	1	1	3	1	2	1	3	1	1	1
Eutr2	1	1	2	1	1	1	1	1	1	1	1	1	1	1	2	2	5	3	1	2	4	1	1	2
Eutr2B	1	2	1	2	1	1	1	1	1	1	2	1	1	1	1	1	1	1	2	1	1	1	1	1
Eutr5	1	1	2	2	2	1	2	1	1	1	2	2	1	1	1	3	1	1	1	1	2	1	1	1
FAM	1	8	3	1	6	2	6	12	5	6	1	6	5	1	4	1	6	1	1	3	1	6	6	6
FLAM_A	2	6	2	3	29	4	22	2	2	1	23	1	1	2	1	1	1	3	26	9	1	22	36	2
FLAM_C	41	3	4	4	3	2	3	1	6	2	1	2	4	36	1	8	6	28	7	1	6	2	8	1
FRAM	2	2	22	2	4	2	5	1	3	42	6	14	2	61	1	1	8	55	2	3	3	1	2	1
FordPrefect	5	1	1	2	1	1	1	1	6	1	3	2	1	3	25	1	2	1	3	3	1	1	1	1
FordPrefect_a	2	1	1	1	1	1	5	1	1	1	1	2	0	1	2	1	1	1	1	1	4	2	3	1
G-rich	2	1	4	1	1	5	1	3	1	2	3	2	2	3	2	1	4	2	4	2	2	5	1	5
GA-rich	6	7	6	6	10	1	17	6	13	23	11	7	5	5	7	3	14	6	17	6	8	9	11	8
GSAT	16	15	13	28	25	5	22	24	27	23	20	15	3	14	15	9	14	10	28	5	20	12	32	23
GSATII	3	3	1	1	4	3	3	3	4	4	1	4	1	3	1	5	5	4	3	1	4	2	4	2
GSATX	5	4	2	4	4	2	5	4	2	4	2	4	1	2	4	4	4	3	2	1	4	4	4	4
HAL1	3	2	2	1	2	8	140	1	2	2	2	5	13	1	46	3	2	2	2	2	3	80	1	2
HAL1M8	4	1	3	9	1	1	8	1	8	7	1	1	11	1	1	6	1	20	4	2	6	2	8	2
HAL1ME	1	28	1	41	62	11	41	1	1	22	34	38	15	41	22	56	32	27	30	17	63	36	53	30
HAL1b	22	13	5	13	1	4	1	10	1	15	5	1	2	11	12	15	22	6	1	5	16	9	21	10
HERV-Fc1-int	1	1	7	2	2	2	2	3	1	2	1	1	1	5	1	4	2	1	5	1	4	3	1	3
HERV-Fc1_LTR1	1	0	0	2	1	0	1	0	2	0	0	1	1	1	2	0	1	0	1	0	1	1	2	0
HERV-Fc1_LTR2	0	0	0	0	0	0	0	0	0	0	0	0	0	0	0	0	1	0	0	0	0	0	0	0
HERV-Fc1_LTR3	0	0	0	0	1	0	0	1	1	1	0	0	0	1	0	0	1	1	0	0	0	2	1	1
HERV-Fc2-int	0	2	0	0	0	0	1	3	4	1	1	1	0	0	2	1	3	1	1	0	2	1	3	2
HERV-Fc2_LTR	0	0	0	0	0	0	0	0	1	0	0	0	0	1	0	1	0	0	0	0	0	2	1	0
HERV15-int	6	35	3	26	7	1	43	11	37	6	10	13	1	10	6	9	38	5	12	5	15	5	13	7
HERV16-int	1	1	1	7	13	1	9	6	5	5	5	6	4	5	4	13	7	6	11	1	24	3	1	3
HERV17-int	1	8	5	6	2	1	2	3	2	3	2	1	1	4	3	3	2	1	5	1	4	2	2	1
HERV1_I-int	2	3	1	4	2	1	2	3	3	2	2	4	1	2	2	2	5	2	3	1	1	3	3	1
HERV1_LTRa	0	0	1	2	1	0	1	1	1	1	2	2	0	0	1	1	1	1	0	9	0	1	1	1
HERV1_LTRb	1	0	1	1	0	0	0	0	2	0	0	0	0	3	0	1	3	1	0	0	1	0	2	1
HERV1_LTRc	0	0	0	0	1	0	0	0	0	0	2	1	0	0	1	1	1	1	1	0	1	1	1	1
HERV1_LTRd	1	9	1	0	2	0	1	1	1	1	0	0	1	3	1	5	1	1	1	0	1	1	1	1
HERV1_LTRe	1	1	0	1	2	0	0	0	1	1	1	1	0	3	2	1	3	1	0	2	1	1	1	1
HERV3-int	18	16	8	18	24	2	15	9	25	12	13	20	2	17	8	18	16	18	24	1	11	17	23	21
HERV30-int	1	1	5	3	2	1	1	5	2	4	1	5	2	3	1	3	7	1	2	2	2	6	5	3
HERV35I-int	7	4	1	1	2	2	1	3	3	2	3	3	1	3	1	6	2	1	4	3	1	2	4	3
HERV4_I-int	1	10	1	5	7	1	8	3	6	6	4	1	2	2	6	10	1	5	4	3	8	7	1	1
HERV9-int	15	18	7	13	19	3	18	15	49	17	22	15	5	16	12	20	27	10	18	7	22	17	13	17
HERV9N-int	8	2	3	6	5	1	5	8	4	2	7	6	1	8	1	6	5	2	7	5	4	2	7	3
HERV9NC-int	17	10	6	11	11	1	10	18	10	11	14	14	7	12	8	8	15	11	13	4	12	7	9	6
HERVE-int	5	10	8	13	8	2	18	7	16	16	9	12	3	4	6	7	15	9	4	4	14	12	7	11
HERVE_a-int	16	9	3	11	9	1	11	4	12	10	6	9	1	6	5	10	15	5	13	1	19	8	6	8
HERVFH19-int	7	8	2	7	7	1	1	5	14	1	1	10	2	1	3	4	14	6	16	1	6	1	36	9
HERVFH21-int	9	4	6	6	11	1	6	9	15	6	9	8	1	10	9	13	9	8	13	2	16	14	15	8
HERVH-int	13	15	9	19	21	1	13	19	24	10	20	11	5	23	9	20	28	10	10	3	14	11	18	12
HERVH48-int	3	2	1	6	3	1	4	1	7	3	4	1	1	3	1	3	3	3	3	3	4	5	4	3
HERVI-int	7	1	1	3	2	1	1	3	1	2	1	1	1	1	1	3	1	1	1	1	1	3	1	1
HERVIP10B3-int	4	2	1	1	2	1	5	3	5	1	2	3	1	2	1	8	2	1	6	2	1	2	2	2
HERVIP10F-int	2	3	3	1	1	3	3	2	3	4	3	2	2	1	2	1	2	2	1	2	2	3	1	1
HERVIP10FH-int	6	3	1	1	4	1	10	5	4	6	3	1	2	1	2	3	1	2	2	12	4	3	2	3
HERVK-int	1	4	1	4	7	1	3	4	7	5	1	2	4	7	7	3	2	7	2	1	5	3	2	6
HERVK11-int	1	3	1	1	6	1	5	1	6	5	5	3	2	2	1	1	9	1	1	3	6	3	5	1
HERVK11D-int	1	3	1	2	3	1	2	3	3	2	3	1	1	4	3	1	1	1	2	3	4	5	4	1
HERVK13-int	1	2	1	2	2	1	1	1	2	2	2	2	1	1	1	1	1	1	1	1	1	3	1	1
HERVK14-int	2	2	3	1	2	1	2	5	3	7	3	1	1	5	1	1	3	6	3	1	2	1	3	3
HERVK14C-int	4	4	2	6	1	1	7	4	5	1	6	6	1	7	1	3	8	9	7	1	7	2	1	4
HERVK22-int	11	7	8	4	8	4	13	9	25	8	7	8	5	10	15	8	19	9	14	1	11	13	24	16
HERVK3-int	4	9	1	3	6	2	9	3	7	4	4	4	1	5	5	7	13	1	5	3	2	9	8	2
HERVK9-int	3	3	4	8	5	1	4	3	5	4	4	2	1	6	4	3	10	2	2	1	7	6	11	5
HERVKC4-int	6	2	2	3	5	1	5	2	3	2	2	5	1	4	2	4	3	4	5	2	4	5	5	2
HERVL-int	8	5	3	11	7	2	13	15	15	9	5	9	4	5	5	8	11	4	11	2	9	8	5	12
HERVL18-int	3	1	1	1	4	1	1	3	3	5	3	4	2	2	5	6	3	2	1	1	1	4	2	4
HERVL32-int	1	1	1	1	2	7	3	1	1	1	1	1	1	1	1	4	1	2	2	1	1	1	1	39
HERVL40-int	12	18	2	15	20	2	28	1	1	24	19	20	5	24	14	28	28	14	23	3	20	31	13	20
HERVL66-int	6	1	1	1	3	1	4	7	7	5	3	4	1	3	2	3	7	3	3	2	6	1	4	1
HERVL74-int	5	1	4	3	2	2	1	14	2	2	11	2	1	2	19	2	2	4	1	1	1	9	1	8
HERVP71A-int	4	1	1	5	2	1	2	3	6	3	1	1	1	6	1	1	1	2	3	1	2	1	3	2
HERVS71-int	4	7	6	6	4	2	2	6	6	3	6	6	1	10	4	19	3	6	5	2	8	8	9	8
HSAT4	25	25	10	26	20	5	18	17	24	23	18	26	2	20	21	28	33	17	17	2	21	19	28	20
HSAT5	2	1	3	1	1	0	5	1	2	2	1	2	2	2	1	2	1	4	3	1	1	4	2	1
HSAT6	1	0	0	0	0	0	0	0	0	0	0	1	0	0	0	1	0	0	0	0	1	0	0	0
HSATI	4	1	1	2	1	0	1	1	1	1	2	2	1	1	0	2	5	1	2	0	1	1	3	1
HSMAR1	16	15	2	11	1	2	8	11	9	3	10	11	3	16	5	15	9	14	4	1	11	10	9	9
HSMAR2	2	14	2	1	14	3	11	13	24	13	11	1	2	2	10	11	16	10	1	4	13	21	1	1
HUERS-P1-int	3	6	1	1	1	1	6	2	6	5	7	3	2	5	1	2	2	1	2	3	4	2	2	2
HUERS-P2-int	2	5	3	1	1	1	1	1	4	3	3	4	1	1	10	3	2	1	1	1	3	2	3	3
HUERS-P3-int	3	4	4	2	3	2	7	9	5	3	6	5	3	2	3	4	5	2	3	1	5	7	5	5
HUERS-P3b-int	2	2	1	3	5	1	14	2	2	3	3	3	1	1	3	1	9	3	2	5	3	1	2	1
HY1	2	1	1	2	1	1	2	1	1	1	1	2	0	1	2	1	1	2	1	1	1	1	1	1
HY3	1	1	1	1	1	0	1	1	2	1	1	1	1	1	1	1	1	1	2	1	1	50	1	1
HY4	1	1	0	0	1	1	1	1	1	1	1	1	1	1	1	1	1	1	0	1	1	1	1	1
HY5	1	0	0	0	0	0	0	0	1	0	1	0	0	0	0	1	0	1	0	0	1	2	1	0
Harlequin-int	13	7	4	11	8	1	17	13	40	14	5	10	2	12	5	9	22	5	5	6	45	18	22	9
Helitron1Na_Mam	3	3	2	1	1	1	1	1	1	1	1	1	1	2	1	1	2	5	1	1	1	1	1	1
Helitron1Nb_Mam	69	1	1	1	1	17	1	1	2	1	1	1	1	1	1	2	1	1	1	8	3	2	1	2
Helitron2Na_Mam	2	1	1	1	2	1	5	2	1	2	1	1	1	2	2	1	1	1	1	5	2	1	32	3
Helitron3Na_Mam	2	1	1	2	1	1	4	1	1	1	1	3	1	4	3	1	1	1	2	2	3	1	1	1
Kanga1	12	2	1	9	4	3	1	10	1	52	10	1	1	13	8	17	1	1	13	4	1	5	2	1
Kanga11a	13	1	1	6	1	2	2	2	1	1	13	1	1	1	1	15	3	1	2	1	1	1	5	2
Kanga1a	4	1	1	3	3	1	2	1	3	1	1	4	1	1	2	1	1	1	1	1	1	1	2	1
Kanga1b	1	3	1	1	1	3	2	2	1	3	1	1	1	1	1	1	2	3	2	1	3	1	1	1
Kanga1c	1	2	1	1	24	6	3	1	2	1	2	1	1	2	2	1	1	2	4	1	1	1	1	1
Kanga1d	2	1	5	3	1	2	7	5	1	1	1	2	1	1	1	5	2	4	2	2	1	1	2	2
Kanga2_a	1	2	1	4	4	3	4	3	8	1	8	4	1	2	1	1	1	1	4	2	4	5	8	6
L1HS	8	5	2	10	1	1	13	9	6	14	5	2	1	7	5	14	8	7	4	2	8	2	6	6
L1M	3	3	3	1	1	5	2	2	1	1	1	1	1	1	1	2	4	2	1	1	1	1	1	1
L1M1	18	17	4	34	11	2	16	13	15	11	12	12	3	8	10	11	8	9	19	3	13	11	14	46
L1M2	7	8	4	7	13	2	12	13	13	11	10	10	2	6	5	10	7	4	10	3	11	9	11	8
L1M2a	2	3	1	1	2	1	2	2	1	4	3	1	3	3	1	1	1	1	2	1	1	1	4	1
L1M2a1	2	2	1	1	8	1	4	1	2	2	4	3	0	3	1	2	2	1	2	1	2	1	2	1
L1M2b	1	2	6	1	2	0	3	2	7	5	1	1	1	1	1	2	1	1	1	1	1	3	12	2
L1M2c	1	1	1	1	12	3	14	1	21	11	18	14	4	1	12	2	17	1	1	1	1	14	11	1
L1M3	3	4	4	5	4	10	4	5	5	3	3	2	6	4	3	3	4	3	5	1	2	4	4	6
L1M3a	1	1	2	1	2	1	2	2	5	1	1	7	2	7	2	1	3	1	2	2	2	1	1	5
L1M3b	1	3	1	4	1	1	2	3	2	1	2	3	1	4	4	1	3	1	1	1	2	1	2	4
L1M3c	2	6	2	74	1	3	1	1	2	8	2	1	1	13	11	9	2	6	1	2	1	9	3	7
L1M3d	12	19	4	1	11	2	1	12	18	10	14	10	2	14	8	8	1	8	11	4	7	9	1	11
L1M3de	1	1	2	8	2	1	7	2	1	2	1	1	1	1	1	4	7	3	11	6	3	1	1	1
L1M3e	9	5	6	1	1	1	2	1	2	10	5	1	1	1	1	23	1	3	2	3	1	6	2	12
L1M3f	4	6	2	7	5	1	8	5	7	4	3	8	1	3	3	8	11	4	8	1	1	4	7	7
L1M4	19	26	9	35	51	5	15	8	18	16	17	24	2	21	6	32	132	8	20	14	49	18	180	27
L1M4a1	10	7	1	2	8	1	10	1	1	4	3	2	1	1	1	11	1	1	3	3	7	13	1	1
L1M4a2	1	11	7	9	9	2	1	9	9	5	9	9	1	1	1	1	11	8	8	4	1	1	17	8
L1M4b	1	2	21	33	22	11	2	1	126	2	1	3	1	2	38	8	66	2	1	6	62	2	1	1
L1M4c	18	22	5	17	16	5	24	15	20	16	20	19	2	29	11	21	23	12	21	3	27	18	17	23
L1M5	28	27	14	38	41	3	48	30	53	34	35	40	6	28	20	34	36	25	32	6	40	37	34	43
L1M6	77	63	33	1	1	14	1	1	66	1	52	44	22	1	48	1	2	2	1	11	54	1	83	69
L1M6B	2	1	3	4	2	2	1	1	4	1	4	6	1	1	1	3	2	4	2	1	2	2	1	1
L1M7	8	6	5	9	10	1	6	8	15	14	12	6	4	9	6	8	10	2	13	2	7	14	17	9
L1M8	5	2	4	8	7	1	8	12	8	5	7	5	1	6	5	4	12	4	7	2	7	3	6	1
L1MA1	6	15	2	10	7	1	4	8	13	12	10	9	2	17	13	12	12	8	9	3	11	10	9	10
L1MA10	1	3	14	1	35	3	3	1	43	2	2	2	1	2	24	1	1	18	41	1	30	2	34	1
L1MA2	8	8	4	15	10	3	16	7	22	14	12	10	48	9	6	13	16	11	16	6	13	15	13	11
L1MA3	2	8	2	7	8	1	9	5	8	5	6	10	1	6	7	4	5	4	4	37	6	4	12	3
L1MA4	3	7	2	7	5	3	33	4	15	6	5	9	11	6	3	9	12	4	2	1	5	4	6	5
L1MA4A	3	3	49	3	2	1	39	3	4	4	1	3	15	3	1	4	1	1	4	1	3	2	1	3
L1MA5	1	2	1	6	50	4	4	4	4	3	4	2	1	7	1	1	3	3	3	9	7	3	8	1
L1MA5A	2	1	5	2	14	3	2	13	11	1	3	8	1	2	7	13	2	1	1	3	28	12	3	16
L1MA6	4	3	4	2	6	1	1	5	5	2	3	5	10	1	29	1	3	2	3	2	4	3	3	4
L1MA7	3	2	23	6	6	8	2	3	4	34	4	3	7	6	2	3	3	33	2	9	2	2	2	5
L1MA8	7	3	5	20	2	19	17	5	9	8	5	8	2	5	5	10	11	9	6	3	7	10	10	8
L1MA9	6	3	2	4	3	44	3	5	9	5	6	3	2	7	2	2	2	4	9	42	5	9	86	7
L1MB1	56	3	5	2	2	2	6	3	1	3	2	4	18	2	1	3	4	44	5	14	3	3	3	5
L1MB2	11	13	3	47	11	2	18	4	12	6	7	9	2	5	2	12	7	5	7	4	8	8	7	6
L1MB3	6	2	3	2	4	1	4	5	8	1	5	6	2	7	5	6	6	6	9	33	7	5	3	6
L1MB4	13	13	7	12	14	2	20	9	17	11	21	13	4	14	9	12	10	5	12	5	21	21	26	30
L1MB5	9	16	4	11	12	6	14	14	16	12	7	5	1	10	8	18	10	5	10	2	9	9	17	15
L1MB7	5	4	2	5	7	1	6	4	13	9	5	7	49	8	1	5	9	2	9	1	3	9	7	8
L1MB8	10	8	3	9	6	29	7	7	8	10	5	7	1	10	9	6	11	7	8	3	8	8	5	3
L1MC	6	7	4	5	5	1	9	1	5	4	4	3	8	5	2	9	12	3	6	10	2	5	7	9
L1MC1	3	6	3	8	5	1	10	7	5	3	11	2	2	5	5	8	98	4	7	1	7	3	6	4
L1MC2	2	1	14	1	1	9	1	1	2	1	1	37	1	1	1	3	1	1	25	1	2	4	2	2
L1MC3	6	9	3	6	6	17	4	6	10	28	10	6	18	6	2	7	6	2	8	25	4	11	9	6
L1MC4	1	5	2	2	2	1	2	6	3	1	5	1	20	3	3	1	105	2	6	1	1	3	1	3
L1MC4a	3	2	1	5	3	10	50	1	1	1	31	2	8	49	43	2	1	1	1	1	1	2	52	2
L1MC5	2	4	2	1	4	77	2	3	5	1	4	2	83	2	2	1	5	193	1	1	2	3	354	2
L1MC5a	5	4	2	3	1	1	1	3	3	2	2	1	1	3	1	1	2	1	2	17	3	3	1	2
L1MCa	8	5	3	4	6	21	7	8	4	3	4	10	16	6	5	6	4	2	3	1	2	9	9	4
L1MCb	2	2	6	1	2	1	2	16	1	3	1	3	1	9	1	1	3	10	2	2	17	3	14	1
L1MCc	12	5	11	10	12	1	22	10	15	12	15	4	3	7	9	15	7	10	5	2	6	6	14	17
L1MD	2	3	1	3	4	1	3	3	3	5	172	3	39	10	1	2	1	2	5	55	3	5	4	194
L1MD1	24	14	4	12	15	2	17	7	17	8	16	11	2	12	7	16	14	8	16	5	13	12	16	7
L1MD2	1	5	1	179	5	1	1	3	4	2	1	2	2	1	147	1	4	5	4	47	4	2	2	6
L1MD3	1	16	18	1	39	1	35	34	31	36	3	2	10	28	1	1	39	1	1	7	27	36	1	2
L1MDa	7	16	7	7	11	1	22	8	13	10	19	12	3	9	5	10	12	17	19	2	12	8	14	14
L1MDb	1	12	11	1	1	4	1	1	1	7	14	4	6	1	1	1	1	11	3	3	3	2	2	18
L1ME1	29	31	18	33	31	9	41	46	35	44	39	34	6	37	34	19	43	33	36	8	36	39	38	42
L1ME2	2	1	1	2	2	1	1	51	6	3	2	1	9	68	1	2	3	1	2	12	1	1	5	4
L1ME2z	38	1	1	32	1	1	2	1	3	1	18	3	1	1	2	1	1	1	25	4	2	24	1	26
L1ME3	84	57	46	1	1	16	73	85	1	1	58	67	18	1	47	2	1	1	2	12	68	81	70	99
L1ME3A	1	77	1	3	90	23	107	3	2	78	90	1	33	4	69	2	1	1	97	1	166	92	1	2
L1ME3B	44	2	19	36	46	7	50	27	1	1	37	30	7	33	24	1	1	1	2	14	47	27	44	36
L1ME3C	15	12	4	10	13	2	12	1	16	11	8	12	2	12	5	1	11	8	14	2	1	17	1	2
L1ME3Cz	6	1	1	2	2	12	1	5	3	3	2	1	9	3	2	3	2	4	2	1	2	6	3	2
L1ME3D	22	33	10	31	1	6	22	24	2	1	15	15	1	23	13	1	19	13	19	2	27	13	1	2
L1ME3E	1	1	8	1	2	1	2	2	24	1	15	1	4	2	15	1	2	1	2	1	35	2	1	14
L1ME3F	12	8	1	18	1	3	1	1	1	1	10	1	5	17	10	1	1	9	19	2	15	1	16	9
L1ME3G	1	2	76	1	1	22	4	1	211	1	126	1	1	3	3	144	4	1	4	51	137	3	4	2
L1ME4a	3	146	96	147	2	25	190	2	160	134	1	1	29	1	56	2	228	75	169	53	260	173	298	153
L1ME4b	81	85	30	1	1	1	86	1	95	77	78	5	1	1	56	2	1	1	2	2	1	1	30	1
L1ME4c	2	1	1	1	26	1	1	24	30	23	24	1	9	25	18	31	1	15	27	3	27	26	41	1
L1ME5	12	2	5	3	1	5	1	16	1	2	3	23	1	1	1	9	3	1	22	8	1	19	1	1
L1MEa	20	16	10	1	11	4	1	1	16	9	1	17	1	20	11	1	29	1	1	3	15	6	1	15
L1MEb	15	12	5	15	1	5	1	12	16	15	13	14	4	8	7	10	10	13	10	2	1	13	13	14
L1MEc	6	1	4	5	2	1	6	2	3	2	7	2	13	1	6	3	4	2	7	20	7	5	3	1
L1MEd	1	2	1	4	4	14	2	4	5	4	3	2	26	111	1	4	2	3	2	36	2	4	1	2
L1MEf	5	2	3	5	3	7	4	4	3	1	2	3	1	2	4	2	3	1	2	3	4	5	4	2
L1MEg	2	3	65	1	2	7	2	2	1	3	3	2	1	2	1	4	4	1	44	1	1	2	2	2
L1MEg1	1	1	1	1	2	1	6	1	5	2	3	1	3	1	1	1	3	2	2	4	5	2	2	1
L1MEg2	6	3	1	4	3	1	2	4	1	2	1	4	1	3	1	3	1	1	1	1	1	4	2	3
L1MEh	3	7	3	3	1	1	13	2	1	3	2	1	1	10	13	5	1	1	3	1	2	2	1	2
L1MEi	1	4	2	24	1	6	39	3	3	1	1	2	6	2	1	1	5	3	2	8	3	2	2	2
L1MEj	8	9	4	5	5	2	1	7	7	8	3	10	1	8	4	14	9	8	3	1	12	6	6	3
L1P	1	1	1	1	1	0	1	1	1	0	4	1	1	2	0	1	2	0	1	0	1	0	1	1
L1P1	7	14	5	11	17	1	11	17	25	15	12	12	3	19	6	10	13	9	16	2	19	14	93	147
L1P2	75	26	29	85	35	15	146	46	76	41	26	60	15	36	12	56	91	22	56	10	98	44	78	217
L1P3	11	11	7	19	12	1	18	18	20	10	9	16	2	8	12	15	17	9	11	7	10	16	9	9
L1P3b	1	4	1	1	2	1	1	2	1	1	1	1	1	1	1	1	2	2	1	1	3	1	1	1
L1P4	2	5	3	3	1	3	1	1	2	23	4	2	9	19	16	49	1	1	2	1	1	4	1	1
L1P4a	1	3	1	1	1	1	7	6	1	1	6	8	1	2	2	2	2	1	10	1	2	1	1	2
L1P4b	1	1	1	1	1	1	3	2	1	1	2	1	1	4	1	1	4	2	1	1	4	1	1	1
L1P4c	1	1	1	1	1	1	1	1	1	1	1	2	1	2	1	1	1	1	1	1	1	1	1	2
L1P4d	4	5	2	5	4	1	4	4	6	9	2	7	3	2	3	3	6	1	4	4	4	3	3	5
L1P4e	1	1	4	2	1	1	2	3	2	1	2	2	2	1	1	2	1	1	1	2	1	1	2	3
L1P5	1	1	1	1	1	1	1	2	2	2	2	1	1	1	1	1	1	1	1	1	1	2	1	2
L1PA10	6	21	5	16	8	1	15	4	10	3	9	4	3	7	9	2	7	5	4	24	12	4	9	7
L1PA11	3	113	2	5	3	36	135	4	17	18	2	6	27	4	1	5	4	8	5	32	1	2	1	147
L1PA12	15	2	13	1	3	2	4	2	6	2	3	1	2	6	17	25	1	1	2	2	4	3	1	3
L1PA13	8	13	4	11	16	2	16	12	12	10	9	7	2	6	5	9	12	69	19	60	17	6	14	6
L1PA14	2	2	1	3	4	3	3	3	4	3	6	1	1	1	3	4	13	1	1	2	4	10	2	5
L1PA15	8	10	6	7	15	2	7	6	11	5	10	7	28	9	6	8	9	7	10	1	9	5	10	8
L1PA15-16	10	6	2	10	8	2	15	11	15	7	14	10	1	7	5	8	13	7	9	3	10	12	12	13
L1PA16	19	27	9	24	28	5	20	28	35	20	19	16	4	23	10	29	29	30	29	6	47	30	23	18
L1PA17	8	4	1	3	4	1	10	4	5	8	6	1	10	2	4	6	6	4	5	2	3	4	4	4
L1PA2	19	12	4	12	10	1	11	6	12	5	3	11	7	10	4	16	18	6	19	2	21	14	43	10
L1PA3	41	26	12	31	22	4	42	16	34	17	16	26	4	23	16	16	23	35	33	4	58	28	35	27
L1PA4	29	31	14	29	24	5	23	35	52	27	25	22	4	21	21	28	34	21	51	3	29	28	62	31
L1PA5	11	29	12	15	23	4	15	21	22	19	18	9	5	18	15	16	30	7	19	5	86	23	29	22
L1PA6	20	31	16	18	25	3	24	31	38	22	26	19	6	25	7	23	24	15	22	7	38	25	26	28
L1PA7	33	46	18	38	30	9	52	35	50	21	33	26	8	24	29	42	36	17	42	12	40	34	34	28
L1PA8	14	5	10	15	17	2	14	4	12	9	15	5	1	15	8	9	10	7	11	4	8	11	16	10
L1PA8A	1	5	1	3	50	1	2	1	4	1	1	2	5	2	4	38	1	1	4	12	1	1	2	3
L1PB	2	22	2	26	3	4	3	1	1	4	3	4	2	1	3	3	30	1	32	7	4	3	3	3
L1PB1	27	16	7	22	47	8	22	23	40	28	30	31	6	28	12	22	31	23	37	2	30	22	29	19
L1PB2	2	6	3	2	5	2	4	2	7	3	156	4	1	2	1	6	3	3	2	3	1	8	2	4
L1PB3	4	2	52	3	1	1	2	2	3	6	2	2	16	3	4	4	3	1	3	17	4	4	3	6
L1PB4	11	6	14	19	17	1	12	8	19	12	17	11	3	8	6	6	26	10	7	4	15	13	21	8
L1PBa	2	38	1	1	8	1	1	2	1	3	1	5	7	38	1	8	3	2	1	5	2	3	1	2
L1PBa1	11	34	10	1	10	3	2	14	1	1	1	2	4	5	10	1	1	20	2	1	1	12	1	9
L1PBb	1	2	3	2	7	1	2	1	3	1	10	3	2	2	1	1	1	1	3	1	4	2	2	1
L1PREC2	11	13	6	25	19	4	27	11	19	14	10	14	2	11	13	12	17	14	15	3	20	22	21	17
L2	3	7	1	10	5	1	7	8	13	6	8	7	2	6	3	5	12	7	12	2	15	9	15	3
L2-1_AMi	1	1	1	5	3	1	1	1	1	1	1	3	1	4	2	4	2	1	3	1	1	3	4	3
L2-1_Crp	1	1	0	1	1	0	1	0	1	0	1	0	0	1	0	0	1	1	0	0	0	1	1	1
L2-2_Mam	1	2	1	1	1	1	1	1	1	1	1	1	21	1	1	1	1	1	1	1	1	1	2	1
L2-3_AMi	0	0	0	0	0	0	0	0	1	0	0	0	0	0	0	1	0	0	0	0	1	0	1	0
L2-3_Crp	7	7	2	6	5	1	7	7	7	3	4	5	1	8	2	6	7	5	9	3	13	8	13	7
L2a	10	10	2	9	10	3	15	6	16	2	11	14	2	14	3	7	7	4	7	1	43	7	13	5
L2b	2	114	98	160	1	24	183	158	218	3	2	2	30	213	1	1	193	1	199	34	174	2	1	1
L2c	5	2	5	5	3	91	7	6	9	7	4	2	98	2	1	5	4	6	5	132	3	2	6	1
L2d	65	67	37	2	1	1	2	3	1	2	3	4	28	3	1	92	2	72	2	15	77	1	2	1
L2d2	3	88	1	2	122	1	148	123	226	2	101	1	2	119	1	118	1	1	1	24	113	1	1	106
L3	100	2	2	2	2	21	2	72	1	4	1	106	16	6	3	4	3	2	1	1	3	1	5	79
L3b	21	17	13	1	19	4	18	1	34	19	10	2	9	11	7	22	20	16	18	4	2	15	1	1
L4_A_Mam	1	25	16	2	1	6	1	26	32	18	13	50	2	26	16	26	20	16	41	5	169	1	2	24
L4_B_Mam	5	7	1	4	1	2	1	8	8	1	11	4	1	3	2	6	6	2	7	4	9	7	11	5
L4_C_Mam	16	13	2	36	17	8	20	10	1	10	8	28	1	13	1	18	30	13	14	23	11	20	20	16
L5	2	3	2	1	2	1	1	4	1	1	1	3	1	1	1	1	1	1	1	1	3	1	1	2
LFSINE_Vert	28	22	8	19	21	2	16	13	1	14	22	14	3	18	10	14	21	23	14	7	15	12	17	13
LOR1-int	17	2	9	1	23	1	2	10	1	15	15	19	3	14	9	1	4	10	2	5	1	1	4	14
LOR1a	1	2	2	1	2	1	2	2	3	1	1	2	1	1	1	2	1	2	4	1	1	2	1	1
LOR1b	1	4	1	2	1	1	6	5	3	1	1	3	1	4	1	8	1	1	2	1	3	1	1	5
LSAU	5	2	2	1	2	1	1	6	1	2	4	1	1	3	1	1	1	3	2	1	1	2	2	1
LSU-rRNA_Hsa	2	1	7	1	1	3	36	17	1	1	10	1	2	1	3	45	1	41	27	45	26	109	1	1
LTR06	1	1	1	2	2	1	3	1	1	1	1	1	1	2	1	1	1	2	1	2	1	1	1	2
LTR1	3	2	1	2	5	2	5	2	5	2	2	1	1	6	1	8	2	6	2	1	5	2	2	7
LTR101_Mam	10	1	1	2	3	1	1	2	2	1	2	3	1	1	3	3	2	2	1	2	5	3	4	4
LTR102_Mam	1	1	1	2	1	1	2	2	1	2	1	2	1	1	2	1	1	14	1	2	3	2	1	1
LTR103_Mam	1	1	1	1	2	13	1	5	1	2	1	3	1	1	1	1	4	2	1	2	1	5	1	13
LTR103b_Mam	4	1	1	1	1	1	1	2	1	1	1	8	1	1	1	1	1	4	2	1	1	1	1	2
LTR104_Mam	13	4	2	3	3	4	3	6	1	7	4	1	3	2	1	1	5	2	1	1	2	3	2	7
LTR105_Mam	1	1	2	3	8	1	2	1	2	1	1	2	1	1	2	1	2	1	2	3	1	8	1	1
LTR106_Mam	3	2	1	2	3	1	1	4	2	2	1	1	31	2	1	2	1	25	1	28	1	1	1	1
LTR107_Mam	1	2	4	1	3	1	1	1	4	8	8	1	1	1	3	4	5	1	2	1	3	6	1	5
LTR108a_Mam	1	0	0	2	1	1	1	1	1	4	1	1	0	1	1	1	2	1	1	1	2	1	1	1
LTR108b_Mam	1	1	1	1	2	1	1	1	2	4	1	1	0	1	2	2	1	1	1	1	1	2	1	1
LTR108c_Mam	3	2	1	2	4	0	2	1	1	1	1	1	0	1	1	3	1	1	1	1	2	1	0	2
LTR108d_Mam	1	1	1	9	2	1	1	22	10	1	9	2	1	1	1	1	20	1	11	4	1	1	5	6
LTR108e_Mam	2	1	2	1	1	1	1	1	1	1	1	2	1	1	1	1	1	1	1	1	1	1	1	1
LTR109A2	1	2	1	1	1	1	0	1	1	1	2	1	0	1	0	2	1	3	0	0	1	1	1	0
LTR10A	1	1	1	3	4	1	1	2	1	3	1	1	1	3	1	2	4	2	1	1	2	1	1	1
LTR10B	1	1	1	1	1	1	1	1	1	2	3	1	1	2	2	2	2	1	1	1	2	1	3	1
LTR10B1	4	1	1	1	1	1	1	1	1	2	5	1	1	3	3	1	1	1	1	1	8	1	1	4
LTR10B2	2	1	1	5	2	1	2	2	3	1	1	1	1	2	1	2	17	1	1	2	1	2	3	20
LTR10C	2	1	1	1	1	1	1	1	4	1	1	1	1	2	1	3	1	1	1	1	4	7	1	1
LTR10D	2	4	2	1	2	1	4	4	2	3	1	3	1	5	1	4	12	1	6	1	1	4	9	1
LTR10E	2	2	1	1	1	1	1	1	1	1	6	1	1	1	1	3	2	1	2	1	1	1	1	1
LTR10F	2	2	1	1	1	1	1	1	1	1	1	1	2	1	2	1	1	1	1	1	2	1	2	1
LTR10G	1	2	3	1	1	1	1	1	1	1	2	2	1	1	1	1	1	1	1	1	1	1	2	2
LTR12	2	3	3	3	1	1	1	4	4	7	2	4	2	2	1	2	4	2	2	1	3	1	1	3
LTR12B	2	3	2	1	1	1	1	4	1	3	1	1	2	1	1	3	2	1	1	2	1	1	1	1
LTR12C	3	4	4	5	6	1	11	6	12	12	11	11	1	4	5	12	11	5	8	1	4	3	9	7
LTR12D	5	6	2	6	2	4	3	6	2	2	1	5	3	7	3	7	6	2	6	1	5	5	5	6
LTR12E	1	1	1	1	108	1	3	1	1	2	1	1	1	3	1	1	1	2	2	1	1	1	1	1
LTR12F	2	3	2	5	2	2	2	4	6	1	2	3	1	1	1	4	3	1	2	1	2	1	6	3
LTR12_	4	4	1	3	1	1	1	1	2	6	2	1	1	1	2	2	5	1	1	1	2	1	2	2
LTR13	1	1	2	3	2	1	1	2	1	1	5	1	1	1	1	1	1	1	1	1	1	3	3	3
LTR13A	1	1	1	1	1	1	2	1	1	5	1	1	1	1	5	2	1	3	1	2	1	1	1	1
LTR13_	1	1	1	1	1	1	1	1	3	2	2	1	1	1	1	1	3	1	2	1	2	1	2	1
LTR14	1	1	1	1	1	2	1	1	2	1	1	1	2	1	1	1	1	1	1	1	3	2	1	3
LTR14A	1	1	2	2	1	1	1	1	1	1	1	1	1	1	1	1	1	1	1	2	2	1	1	1
LTR14B	2	4	2	1	1	1	1	1	3	1	1	3	1	2	1	1	1	1	3	1	3	1	6	1
LTR14C	2	1	1	1	5	1	2	1	1	1	1	1	2	1	1	1	3	1	1	1	3	7	1	2
LTR15	1	4	1	3	1	1	1	1	5	3	1	1	1	1	1	2	4	3	2	1	1	1	1	2
LTR16	5	11	2	8	4	3	8	11	10	2	5	8	4	7	5	10	11	6	6	3	44	10	11	7
LTR16A	32	11	4	11	10	4	8	7	1	12	1	10	3	11	9	11	15	5	1	1	14	11	15	13
LTR16A1	15	6	4	10	9	2	12	7	11	4	3	7	1	11	7	6	8	4	16	2	3	1	14	7
LTR16A2	14	8	3	10	12	1	5	7	13	11	7	4	1	7	8	9	14	7	11	1	8	4	12	8
LTR16B	2	1	1	4	3	34	4	1	4	4	3	1	17	3	75	5	1	1	4	27	3	3	2	1
LTR16B1	3	3	1	3	2	1	6	5	1	3	1	3	1	1	6	3	1	1	1	1	3	1	6	2
LTR16B2	1	3	2	1	2	11	5	3	1	3	5	6	1	3	1	3	4	2	1	1	4	1	6	5
LTR16C	1	54	32	74	48	13	1	58	2	64	1	49	13	55	49	71	75	44	2	17	80	53	76	2
LTR16D	4	5	2	3	1	2	5	3	3	2	3	5	1	1	1	5	4	3	2	1	3	5	6	4
LTR16D1	2	4	1	4	1	2	1	1	3	1	1	1	1	3	2	1	1	1	1	2	1	1	1	2
LTR16D2	2	1	1	1	1	1	1	1	1	2	2	3	2	1	2	1	1	1	1	1	1	1	1	1
LTR16E1	8	8	2	9	1	3	10	13	18	1	11	1	3	18	7	18	7	1	10	2	8	1	12	1
LTR16E2	1	1	6	1	3	1	3	4	9	4	3	1	2	2	1	1	5	4	5	1	2	4	4	3
LTR17	8	7	5	3	1	1	4	2	7	1	3	3	2	9	2	3	2	2	4	2	4	4	24	1
LTR18A	1	1	1	2	2	1	1	1	3	1	1	1	1	2	1	1	2	1	1	1	1	1	1	5
LTR18B	1	1	1	1	1	6	1	1	4	1	2	1	1	3	12	1	14	1	36	1	1	2	1	1
LTR18C	1	1	3	1	1	1	1	1	1	1	2	1	1	2	1	1	1	2	1	0	2	1	1	1
LTR19-int	4	4	4	6	8	1	9	6	13	3	3	6	3	4	3	7	10	6	3	1	7	7	8	8
LTR19A	2	5	2	4	8	1	4	3	3	6	1	4	1	4	6	10	5	1	3	1	7	6	3	2
LTR19B	1	1	1	1	1	2	5	3	1	1	4	3	1	1	1	5	1	1	3	1	3	1	1	1
LTR19C	1	1	3	1	1	4	2	1	4	3	1	1	1	1	1	12	2	1	2	1	3	1	2	3
LTR1A1	2	1	1	4	2	2	2	1	1	2	4	2	1	3	2	1	6	3	2	1	1	2	1	1
LTR1A2	2	1	5	1	1	3	8	2	1	1	6	7	4	4	8	6	1	1	1	1	3	4	1	1
LTR1B	1	3	1	1	2	1	2	2	1	1	3	3	1	2	4	1	5	4	2	1	5	1	5	1
LTR1B0	1	1	1	1	1	1	1	2	2	1	2	2	1	1	1	1	3	4	1	1	1	1	3	4
LTR1B1	3	1	1	1	1	1	3	1	3	1	2	2	1	3	1	2	2	1	2	1	1	1	3	2
LTR1C	2	1	1	2	1	1	1	4	1	1	1	1	1	1	1	1	4	1	1	1	1	1	1	1
LTR1C1	2	3	2	2	1	0	2	1	1	2	1	1	1	1	1	2	2	1	2	0	2	1	2	1
LTR1C3	3	2	0	1	1	1	3	2	1	2	1	1	1	1	1	3	1	1	1	1	3	1	1	2
LTR1D	1	2	1	1	2	1	1	1	3	1	2	2	1	1	1	1	2	1	1	1	1	1	2	1
LTR1D1	3	1	2	5	2	1	2	1	1	5	1	4	3	3	1	4	1	3	1	1	4	1	1	2
LTR1E	4	2	2	1	1	1	4	4	2	2	2	1	2	2	1	2	1	2	1	1	3	1	3	1
LTR1F	1	2	1	2	1	1	3	2	5	2	1	2	1	2	1	3	1	1	2	1	2	1	3	1
LTR1F1	2	1	1	1	1	1	2	2	3	2	4	2	1	1	2	1	3	1	1	1	1	1	2	2
LTR1F2	2	1	1	2	2	1	4	3	5	1	8	2	1	1	2	2	1	2	3	1	1	3	3	1
LTR2	2	2	3	2	1	1	2	3	2	2	1	8	1	1	1	3	1	2	1	1	2	2	3	2
LTR21A	1	1	1	1	2	1	2	1	1	1	1	2	1	1	1	2	4	1	1	1	3	1	1	3
LTR21B	1	1	1	1	1	0	2	0	1	1	1	1	1	1	0	2	1	1	3	1	0	1	1	1
LTR21C	1	1	1	1	1	0	1	1	1	1	1	1	0	1	1	0	1	2	2	1	1	1	1	1
LTR22	2	2	3	1	2	0	1	1	6	2	1	1	2	1	2	2	4	5	2	3	3	2	1	1
LTR22A	1	1	1	1	3	1	1	2	3	1	1	1	1	1	1	1	1	1	2	1	1	1	1	1
LTR22B	1	1	1	1	1	0	1	1	2	1	1	1	1	1	1	1	1	1	2	1	1	1	1	2
LTR22B1	1	1	1	1	1	0	1	2	1	2	1	1	3	1	1	1	1	1	1	1	1	1	1	1
LTR22B2	8	6	1	15	7	2	4	2	14	10	7	9	0	6	6	5	7	5	8	2	9	8	13	12
LTR22C	0	0	1	0	1	1	0	0	1	1	0	1	0	0	1	1	0	1	1	0	1	0	1	0
LTR22C0	1	1	2	1	1	1	1	3	2	1	2	1	1	1	1	2	2	1	1	1	1	1	1	1
LTR22C2	1	1	1	1	2	1	1	1	1	1	1	1	1	1	1	1	1	1	11	1	1	1	2	25
LTR22E	1	1	1	1	1	1	1	1	1	1	1	1	1	1	1	1	2	1	1	1	2	1	1	2
LTR23	1	4	1	3	2	1	1	1	4	3	3	2	1	3	4	3	1	2	2	1	1	1	4	1
LTR23-int	1	1	1	1	1	1	1	1	2	28	1	1	1	2	1	1	1	1	2	1	1	2	1	1
LTR24	7	2	1	2	1	2	3	1	2	1	1	2	8	1	1	1	1	1	1	1	1	3	3	28
LTR24B	1	1	3	3	1	1	2	1	1	2	1	16	1	1	4	2	1	1	1	2	1	2	2	3
LTR24C	2	1	3	5	3	1	1	1	1	1	1	2	15	2	1	2	3	1	1	2	2	2	1	6
LTR25	2	5	3	4	8	1	3	7	6	4	7	4	1	3	2	3	102	3	7	1	10	1	5	3
LTR25-int	26	14	4	27	21	8	30	16	33	23	19	12	8	28	16	27	29	9	25	3	38	35	39	33
LTR26	1	2	5	2	1	1	2	2	2	1	2	3	1	1	3	2	4	5	1	2	1	3	1	1
LTR26B	1	1	2	1	2	1	3	1	2	1	1	1	1	2	1	1	2	1	1	1	2	1	2	2
LTR26C	1	3	1	1	2	1	1	1	1	1	1	4	2	1	2	1	4	1	2	1	1	1	1	1
LTR26D	4	1	2	5	3	1	2	2	4	1	1	1	1	2	1	4	1	2	3	1	4	2	1	1
LTR26E	1	1	1	1	1	1	1	1	1	1	1	1	1	1	1	1	1	1	1	4	1	1	1	1
LTR27	1	1	2	1	1	1	2	2	1	1	1	1	1	1	2	1	1	2	1	1	1	1	1	2
LTR2752	6	1	4	2	1	1	2	1	1	1	2	4	2	1	3	3	1	3	1	1	1	1	1	1
LTR27B	3	1	1	1	1	1	3	1	1	1	1	1	1	1	1	1	2	2	1	1	2	1	2	1
LTR27C	1	2	1	3	1	1	1	1	3	1	3	2	1	1	1	1	2	1	2	1	1	1	4	1
LTR27D	7	2	3	2	1	3	1	1	1	1	2	1	1	1	2	1	8	4	6	0	1	6	1	1
LTR27E	3	2	3	1	1	1	3	1	2	1	1	1	2	4	1	2	2	2	2	1	2	4	1	1
LTR28	14	1	1	1	3	1	1	1	1	1	1	1	1	1	1	1	1	4	2	3	1	1	1	2
LTR28B	1	2	1	7	1	1	1	2	5	1	1	2	1	1	2	3	1	2	4	1	5	2	2	1
LTR28C	1	3	1	2	3	1	2	1	1	1	1	3	1	1	2	2	3	1	1	1	2	2	1	4
LTR29	3	3	36	1	1	1	2	3	5	1	3	1	20	3	65	3	6	1	87	3	6	2	3	2
LTR2B	2	2	2	2	1	2	3	2	2	4	4	2	1	4	1	7	2	1	3	2	10	3	2	1
LTR2C	3	5	5	5	11	1	10	10	12	7	6	10	3	12	6	12	8	3	9	1	10	11	9	10
LTR3	7	1	1	1	1	1	1	2	2	1	1	1	1	3	1	1	1	1	1	4	1	1	3	2
LTR30	2	2	1	2	2	0	1	1	1	2	2	1	1	1	3	5	2	2	1	1	1	1	1	1
LTR31	1	1	1	1	2	3	1	2	2	1	1	2	2	1	3	1	1	1	2	5	1	1	2	1
LTR32	1	1	5	2	1	1	1	1	2	1	1	2	1	2	4	1	4	2	1	1	1	1	2	1
LTR33	34	28	17	40	31	5	35	2	1	1	1	1	3	31	26	1	1	20	27	5	1	37	2	31
LTR33A	3	1	1	3	4	1	3	6	7	5	1	5	1	3	2	2	1	1	3	1	1	5	4	1
LTR33A_	1	4	3	5	1	1	5	1	5	3	5	5	2	2	3	1	2	2	6	1	1	2	2	7
LTR33B	10	9	4	8	5	2	3	7	8	4	9	3	2	6	5	7	6	4	4	1	3	11	4	5
LTR33C	1	1	1	2	1	1	3	1	7	1	1	1	2	1	3	2	2	1	1	1	1	1	1	3
LTR34	2	1	1	2	1	1	2	2	1	1	1	1	1	1	1	3	3	1	1	1	1	3	2	5
LTR35	1	3	1	2	1	0	4	1	1	2	1	2	1	3	2	2	2	2	1	1	4	2	3	1
LTR35A	2	1	1	1	1	1	1	1	1	1	1	1	2	1	1	1	1	1	1	1	1	1	1	1
LTR35B	1	4	4	6	6	1	6	1	4	5	7	4	1	4	2	5	6	1	4	1	1	3	10	6
LTR36	1	1	3	3	5	1	2	2	2	1	3	1	1	5	4	5	1	2	4	2	3	3	25	3
LTR37-int	4	2	2	3	2	1	1	2	2	6	1	4	1	1	1	3	3	2	9	1	6	8	3	2
LTR37A	8	1	4	1	5	1	6	4	13	5	4	4	1	3	1	4	10	5	4	1	4	4	4	7
LTR37B	12	4	2	22	13	3	11	7	22	1	3	3	4	7	3	2	3	5	2	2	2	5	1	4
LTR38	1	3	1	1	1	1	1	1	1	1	1	1	1	2	2	1	1	1	2	1	2	1	1	1
LTR38-int	1	1	2	1	2	0	1	1	1	2	1	1	0	3	1	1	1	0	1	1	1	3	2	2
LTR38A1	2	2	1	2	1	1	2	1	1	1	1	1	1	1	1	1	2	2	1	1	1	1	1	1
LTR38B	1	2	1	1	1	1	1	2	2	4	1	1	1	3	1	1	1	1	2	1	1	1	1	3
LTR38C	2	1	1	2	2	1	2	1	1	1	1	2	2	2	3	3	2	1	2	1	2	1	1	1
LTR39	1	1	2	6	4	2	2	1	2	1	3	1	1	1	2	1	2	1	6	1	1	2	3	2
LTR39-int	1	1	1	3	3	0	1	2	6	1	7	1	1	2	1	2	3	1	3	1	1	2	4	5
LTR3A	1	3	1	1	1	1	2	1	1	2	2	1	1	1	1	2	1	2	1	1	2	3	2	1
LTR3B	13	17	4	7	8	1	9	10	8	8	8	13	1	16	3	4	9	8	8	2	8	12	11	3
LTR3B_	1	1	1	1	1	2	1	1	3	1	1	2	2	1	5	1	1	1	1	1	1	1	1	2
LTR4	2	1	4	1	3	1	1	2	2	1	4	3	1	2	1	2	3	2	1	1	1	2	4	3
LTR40A1	2	1	1	10	1	2	1	1	1	6	6	1	6	1	5	1	1	3	3	1	7	1	1	11
LTR40a	12	5	2	2	6	8	9	4	2	8	4	7	8	2	3	5	10	5	4	3	1	1	7	1
LTR40b	1	1	1	1	1	1	2	1	2	1	1	1	6	2	1	1	2	25	2	1	1	1	1	1
LTR40c	1	1	4	5	1	2	1	2	2	2	2	1	1	4	1	1	1	2	1	1	2	1	2	1
LTR41	4	7	2	4	5	4	8	6	5	5	7	5	2	2	2	3	8	3	7	2	4	8	9	1
LTR41B	1	1	1	2	1	1	1	2	1	1	2	3	1	3	1	4	1	1	1	1	1	1	2	1
LTR41C	23	1	10	29	28	8	1	1	1	20	1	1	1	2	1	1	1	1	1	6	1	2	1	1
LTR42	2	1	1	5	6	1	1	1	5	9	4	2	1	2	3	1	5	1	3	1	7	3	2	5
LTR43	3	5	1	1	1	9	2	1	1	1	2	1	1	1	1	2	1	1	1	2	1	1	1	2
LTR43-int	4	3	2	6	6	1	4	3	10	4	5	7	1	4	1	7	11	5	6	4	3	3	8	8
LTR43B	1	2	1	3	2	1	1	1	2	3	1	2	1	1	1	1	2	1	3	1	1	1	1	1
LTR44	8	7	8	9	11	2	14	3	12	13	8	13	1	11	2	13	13	7	7	3	13	10	17	5
LTR45	1	1	1	1	2	1	2	1	1	1	1	1	2	1	1	1	1	1	1	1	2	2	5	1
LTR45B	1	3	5	2	2	1	3	1	1	1	1	3	4	1	2	3	1	3	2	1	1	2	1	1
LTR45C	1	1	1	1	1	1	2	1	3	1	2	2	1	2	1	1	1	4	1	3	1	1	4	1
LTR46	1	1	1	3	1	6	1	2	2	4	1	1	1	1	1	1	1	2	6	4	2	1	1	4
LTR46-int	1	1	3	9	9	1	10	8	1	9	1	1	2	4	5	3	1	2	1	1	1	1	2	1
LTR47A	4	1	1	1	3	1	1	1	1	3	1	2	1	3	2	1	1	1	3	1	3	2	2	1
LTR47A2	1	1	1	2	1	2	3	1	1	1	1	1	1	1	1	1	1	1	1	1	2	2	1	1
LTR47B	1	1	2	1	3	0	1	1	1	1	1	1	0	1	1	1	1	2	1	1	1	0	2	1
LTR47B2	3	2	1	1	2	1	5	6	1	4	2	4	1	5	1	3	5	1	7	3	6	3	3	9
LTR47B3	1	2	1	1	1	1	1	1	1	2	1	1	1	1	1	1	1	2	1	1	1	1	1	1
LTR47B4	2	2	1	2	1	1	2	1	1	1	1	2	1	1	2	1	1	1	1	1	1	1	2	1
LTR48	14	1	7	2	2	19	3	1	1	4	1	2	1	1	1	1	1	1	4	1	6	6	1	6
LTR48B	4	1	2	3	7	2	2	2	4	1	1	3	1	8	2	1	3	2	3	1	2	6	5	1
LTR49	10	9	4	8	7	3	11	12	17	11	11	10	7	11	8	14	14	16	8	1	8	9	12	6
LTR49-int	1	2	14	29	1	1	2	2	1	24	22	22	5	1	11	23	1	1	2	5	1	3	2	25
LTR5	1	1	3	0	1	1	4	2	4	1	1	1	0	2	4	1	1	1	3	0	3	1	1	1
LTR50	13	7	3	7	1	2	11	5	8	1	5	3	1	1	5	7	5	1	17	2	6	7	15	3
LTR51	4	1	2	2	3	1	4	1	3	1	1	1	1	2	3	1	2	5	1	1	4	4	8	2
LTR52	3	4	2	2	1	3	7	3	2	1	5	1	1	1	1	3	3	3	3	3	7	2	5	5
LTR52-int	2	2	3	3	2	1	3	1	3	3	2	2	1	3	1	1	2	1	1	1	4	4	3	1
LTR53	1	3	1	1	1	2	2	1	5	3	1	1	1	4	3	21	1	1	1	1	6	1	1	3
LTR53-int	2	1	1	3	4	1	5	1	1	1	1	3	1	2	4	4	2	4	1	5	4	5	4	3
LTR53B	2	3	1	4	1	1	1	1	1	4	1	1	1	2	3	1	2	3	2	1	1	1	2	2
LTR54	4	3	2	1	7	1	4	1	7	1	2	3	1	2	1	5	1	1	1	2	1	7	3	1
LTR54B	3	5	1	2	3	1	1	1	4	1	1	5	6	3	1	1	2	1	3	1	6	3	2	4
LTR55	1	1	5	1	1	8	2	2	3	2	5	2	1	1	3	3	1	1	3	1	1	1	3	2
LTR56	9	1	1	4	1	1	2	2	2	2	4	4	1	7	1	3	2	2	3	2	2	6	4	1
LTR57	1	1	1	7	1	1	2	1	1	2	1	1	1	1	1	1	1	1	1	1	1	1	9	2
LTR57-int	1	1	1	4	6	1	1	1	3	1	1	3	1	4	1	1	3	4	2	1	5	4	2	3
LTR58	2	1	1	1	1	0	1	2	1	1	2	1	0	1	0	1	1	1	1	1	2	2	1	1
LTR59	1	1	1	1	2	0	1	2	2	2	1	3	1	1	1	1	1	3	1	1	1	16	2	1
LTR5A	4	2	1	3	5	1	8	2	3	2	1	1	1	1	1	5	1	1	2	1	3	1	5	3
LTR5B	1	4	1	3	1	1	1	1	4	2	1	2	1	1	2	3	1	4	5	1	1	3	5	1
LTR5_Hs	2	3	4	2	3	1	2	1	4	2	1	3	1	9	2	2	7	3	4	1	1	1	3	5
LTR60	3	0	1	1	0	0	1	1	1	1	1	0	1	2	0	1	1	1	0	0	1	1	2	1
LTR60B	1	2	1	1	2	1	1	1	1	1	2	1	1	2	1	1	1	1	2	1	1	1	1	1
LTR61	3	1	1	1	1	1	3	1	1	1	1	1	1	1	1	1	1	1	1	1	1	1	1	1
LTR62	1	2	77	152	249	23	130	1	187	154	163	179	40	185	204	2	161	157	1	34	2	199	1	156
LTR64	1	2	1	1	1	0	1	2	2	1	3	1	1	1	1	1	1	1	1	1	1	1	3	2
LTR65	4	2	1	5	10	1	8	8	6	2	3	5	1	4	4	3	6	4	4	2	6	3	2	4
LTR66	2	5	1	3	2	1	2	2	4	3	2	1	1	1	1	3	5	2	1	1	1	1	1	4
LTR67B	1	6	4	3	3	3	1	9	9	5	3	1	1	3	3	10	10	4	11	1	5	7	4	5
LTR68	1	1	2	4	3	1	4	4	1	1	3	2	1	1	1	1	3	2	2	1	3	4	2	1
LTR69	1	2	1	1	1	1	1	1	1	1	1	1	1	1	1	1	1	1	2	1	1	4	2	1
LTR6A	3	1	7	3	3	1	2	4	7	7	3	4	1	1	3	1	9	2	4	1	2	4	8	7
LTR6B	1	3	1	2	4	1	4	1	3	4	2	1	1	1	1	3	1	1	2	1	1	2	1	1
LTR7	13	14	7	23	11	4	19	12	20	19	13	18	3	22	10	4	19	11	10	6	9	23	18	9
LTR70	2	1	2	1	1	1	1	1	2	1	1	1	2	1	1	1	2	1	1	1	2	1	1	2
LTR71A	1	1	1	1	1	1	5	2	1	4	1	3	1	1	1	1	3	1	2	2	1	2	8	6
LTR71B	4	1	1	3	2	1	2	1	3	1	2	1	2	1	1	3	2	2	1	2	1	1	2	2
LTR72	2	7	1	1	1	1	1	3	3	2	1	2	1	3	1	2	1	1	1	1	1	1	2	1
LTR72B	1	2	1	1	3	0	1	1	3	1	1	2	1	1	1	1	1	1	2	1	1	1	1	1
LTR73	2	1	1	1	2	1	1	1	1	1	1	1	1	3	1	1	1	2	1	1	1	1	1	1
LTR75	2	9	1	7	3	1	3	4	3	8	2	1	1	7	3	1	4	1	5	1	2	1	3	5
LTR75B	11	25	5	8	10	3	11	9	11	11	8	8	2	14	4	14	14	9	6	6	11	13	17	13
LTR75_1	1	1	1	1	2	1	1	1	1	1	1	2	1	1	1	1	1	1	1	1	1	1	1	1
LTR76	1	2	2	1	1	1	3	1	2	1	1	1	1	1	1	3	2	1	2	1	1	1	1	1
LTR77	1	2	1	2	1	1	1	3	1	3	3	2	3	1	1	1	1	2	1	1	1	1	1	1
LTR78	16	16	8	16	8	3	17	13	19	7	13	13	2	12	10	18	1	6	10	4	10	17	12	14
LTR78B	12	13	6	11	1	3	7	5	15	9	8	12	1	12	10	12	1	9	10	1	21	10	7	11
LTR79	15	13	7	19	1	4	17	10	18	12	9	18	2	11	10	1	20	6	1	2	8	13	9	11
LTR7B	4	1	1	1	1	1	1	3	2	1	2	1	1	1	1	3	1	2	2	1	2	4	1	1
LTR7C	3	2	2	2	1	21	2	39	1	3	2	1	15	1	2	1	1	1	1	2	2	2	2	52
LTR7Y	2	1	1	1	1	1	1	1	1	1	1	1	1	3	1	1	1	1	1	1	1	1	3	1
LTR8	5	7	3	4	5	2	4	5	8	3	6	1	1	6	3	33	3	3	5	2	4	3	4	3
LTR80A	2	1	1	1	1	1	2	2	1	1	2	1	1	2	1	1	3	1	1	1	1	1	1	3
LTR80B	1	1	4	1	1	1	1	1	1	1	1	2	1	1	1	1	1	2	1	1	1	1	1	4
LTR81	1	3	1	1	1	1	1	1	3	1	1	1	2	2	4	1	1	1	1	1	1	1	3	1
LTR81A	3	1	1	29	3	1	1	5	10	3	1	2	2	1	2	1	1	4	1	2	6	1	3	1
LTR81AB	1	1	1	1	1	1	2	1	1	1	1	1	1	1	1	1	1	1	1	1	2	1	1	1
LTR81B	1	1	1	5	2	1	1	1	4	3	1	1	18	5	1	14	6	1	1	2	1	1	2	2
LTR81C	3	3	3	3	6	1	2	4	4	6	3	1	1	5	1	3	4	2	3	2	4	3	3	1
LTR82A	7	13	8	21	14	3	12	15	1	19	1	1	1	13	6	13	1	7	17	2	1	12	13	16
LTR82B	1	4	1	5	4	1	2	4	7	1	3	2	1	7	6	3	1	4	5	1	3	3	7	2
LTR83	4	1	2	1	3	1	3	3	2	4	5	1	1	5	1	3	5	1	2	3	4	7	3	2
LTR84a	2	1	3	3	1	2	3	2	1	1	1	2	1	2	2	2	2	5	1	1	3	1	1	2
LTR84b	1	1	1	1	1	2	1	3	1	1	5	1	1	2	3	2	2	1	1	1	1	2	1	1
LTR85a	1	1	3	2	9	2	1	1	1	4	2	8	1	11	9	1	2	2	1	1	11	3	4	2
LTR85b	12	3	3	3	3	2	4	1	7	4	2	2	1	1	4	8	16	1	4	2	5	2	8	1
LTR85c	6	10	3	2	10	1	5	3	9	6	4	7	3	6	9	10	9	3	6	1	6	7	23	4
LTR86A1	2	1	1	2	2	2	3	2	2	2	2	1	1	1	1	1	1	1	1	1	2	1	2	1
LTR86A2	2	2	1	4	1	0	1	2	2	1	1	1	1	1	1	1	3	2	1	1	1	2	4	1
LTR86B1	3	1	1	2	3	1	3	1	3	3	1	2	1	2	2	1	1	1	2	1	1	1	1	2
LTR86B2	1	1	1	2	2	2	1	1	1	1	1	1	1	2	3	1	1	1	1	1	1	2	1	1
LTR86C	1	2	1	1	6	1	1	2	2	3	4	1	1	2	2	1	3	4	3	1	4	3	1	1
LTR87	1	1	1	1	2	1	1	2	4	3	4	1	1	1	1	2	2	1	3	1	2	4	3	3
LTR88a	1	3	1	1	1	1	1	2	4	2	1	1	2	2	1	5	3	2	1	1	2	1	6	2
LTR88b	4	6	3	2	4	1	9	4	4	5	4	6	1	9	3	9	8	4	8	2	6	5	3	8
LTR88c	3	1	2	2	2	15	3	1	2	1	1	3	1	6	1	2	2	2	3	1	3	1	3	1
LTR89	1	3	1	1	3	2	2	1	1	1	1	1	1	1	1	1	1	1	2	3	4	3	1	4
LTR89B	2	2	2	2	1	1	1	4	2	2	1	1	1	2	1	1	1	1	2	1	1	4	1	2
LTR8A	21	2	1	1	21	6	1	1	8	1	4	22	3	1	15	9	1	8	1	4	1	1	15	17
LTR8B	18	9	4	1	6	1	1	1	4	4	6	1	12	5	4	9	3	1	3	1	9	1	1	8
LTR9	14	7	4	13	3	2	10	6	11	17	10	1	2	10	2	1	2	8	4	3	7	10	12	1
LTR90A	1	1	2	1	2	1	2	1	1	2	1	1	1	1	1	2	2	2	1	1	1	1	1	1
LTR90B	12	1	6	3	2	1	83	9	5	1	3	5	1	4	5	4	2	2	2	1	2	3	2	1
LTR91	1	1	1	1	2	2	1	1	1	6	2	1	1	1	1	4	4	1	3	1	1	1	1	1
LTR91A	16	13	5	7	14	3	9	14	16	13	13	14	3	11	6	10	11	11	14	5	19	14	5	13
LTR9A1	15	3	2	3	1	1	1	2	2	5	2	4	1	1	1	1	2	2	1	1	2	2	2	2
LTR9B	1	4	3	5	3	2	3	3	10	3	1	2	2	4	2	2	1	2	3	1	13	3	5	4
LTR9C	1	1	2	1	1	2	1	1	1	1	2	1	1	2	1	1	1	1	1	2	1	2	1	1
LTR9D	1	2	1	1	3	1	1	2	1	4	2	2	1	2	1	2	1	1	3	1	1	1	3	1
Looper	1	1	1	1	1	1	1	2	1	2	1	3	1	1	1	1	1	1	1	4	1	1	1	1
MADE1	1	4	3	1	1	1	9	4	1	1	8	3	1	1	2	8	1	6	4	1	9	11	1	4
MADE2	3	1	1	1	2	1	1	2	10	1	1	2	1	2	1	1	1	1	2	3	4	1	4	1
MARE10	1	0	1	1	1	0	1	1	1	0	1	1	0	1	1	1	1	1	1	1	1	1	1	3
MARE11	0	1	0	0	106	0	0	0	0	0	0	0	0	0	0	0	0	0	1	1	0	0	0	0
MARE4	2	1	1	1	1	1	1	1	1	1	1	1	1	1	1	1	1	2	1	1	26	1	1	2
MARE6	2	1	11	4	1	1	1	3	1	5	1	3	2	1	1	1	3	1	4	1	1	1	3	2
MARE8	1	1	1	177	1	0	1	1	1	1	2	1	1	1	1	1	1	1	1	0	1	1	1	2
MARE9	0	0	0	0	0	0	0	1	0	0	0	1	0	1	0	0	1	0	0	0	0	0	1	1
MARNA	5	1	2	3	5	2	3	3	5	5	7	1	1	9	3	10	12	7	6	3	6	4	5	3
MER101	3	4	1	3	5	1	1	1	2	2	3	2	1	2	3	3	1	2	2	1	3	4	2	3
MER101-int	4	2	3	4	7	1	1	5	6	5	6	4	2	3	3	110	6	1	17	1	5	14	3	58
MER101B	2	1	1	1	1	1	3	1	2	1	2	1	1	6	1	1	1	1	2	3	1	1	1	1
MER102a	2	2	1	1	3	1	5	3	1	3	2	5	1	2	3	6	7	3	37	3	6	1	6	1
MER102b	2	2	2	1	3	1	3	5	4	5	5	4	1	3	4	3	2	3	3	1	1	2	4	1
MER102c	3	2	2	2	3	1	2	2	3	5	1	3	1	1	1	1	1	1	2	1	1	2	2	3
MER103C	17	19	6	28	32	2	1	18	50	15	1	1	4	22	1	25	23	11	34	5	17	30	19	24
MER104	4	2	1	6	4	1	2	3	2	4	4	3	1	4	1	7	3	3	3	2	6	2	4	3
MER105	2	2	1	1	1	1	2	1	1	10	2	1	1	1	1	1	2	1	1	1	2	3	49	2
MER106A	3	6	1	2	2	1	4	1	5	1	2	3	2	3	2	6	5	3	1	1	1	1	7	2
MER106B	4	1	3	5	12	2	2	2	12	2	1	5	1	6	1	2	2	2	3	4	4	6	5	27
MER107	4	5	3	3	3	1	1	1	1	2	3	1	1	1	2	3	4	2	4	1	5	2	2	3
MER110	1	1	1	1	1	1	2	2	1	2	1	1	1	2	1	1	2	1	1	1	6	2	4	1
MER110-int	1	1	1	3	2	2	2	2	1	1	1	1	1	3	2	2	1	1	7	1	1	1	1	1
MER110A	16	13	7	20	10	3	13	18	24	10	10	17	3	13	7	1	17	8	9	4	1	15	16	15
MER112	16	6	8	6	3	3	1	1	1	9	6	7	11	1	3	1	14	9	10	4	1	1	18	8
MER113	1	12	2	1	4	2	4	2	5	3	2	8	1	3	1	1	6	1	2	1	11	3	5	4
MER113A	7	4	2	3	5	1	4	2	6	3	3	5	3	3	2	5	3	2	3	1	4	1	8	3
MER115	16	6	3	10	5	2	7	10	16	11	11	12	2	4	6	11	10	4	8	2	12	6	14	13
MER117	2	126	51	81	206	17	166	3	51	41	8	218	19	139	2	233	105	26	128	17	72	52	144	59
MER119	1	2	2	1	3	1	1	2	1	2	2	2	1	1	1	3	4	1	3	1	5	1	2	5
MER11A	7	8	2	1	1	2	8	1	1	1	11	7	2	1	10	1	10	7	10	1	11	5	1	1
MER11B	1	2	3	1	1	1	8	9	4	3	2	1	1	2	4	1	3	1	1	1	14	1	10	1
MER11C	1	2	2	1	2	1	1	4	2	6	7	3	1	1	1	9	1	8	1	2	7	1	2	1
MER11D	1	67	32	1	1	17	1	2	92	76	1	1	21	69	1	1	1	67	76	16	4	2	81	56
MER121	6	17	4	2	5	2	4	1	1	5	1	3	1	2	6	1	6	4	1	1	2	2	5	1
MER121B	1	2	1	2	1	0	2	1	3	1	1	1	0	0	2	1	1	1	0	0	1	1	1	3
MER123	1	2	1	1	0	1	1	2	2	1	1	1	1	1	1	1	2	1	1	0	1	1	1	1
MER124	1	1	1	1	1	1	4	1	2	2	2	1	1	3	2	2	1	2	1	1	3	1	1	2
MER125	1	1	1	1	1	1	1	1	1	1	1	1	0	2	1	1	1	1	1	0	1	2	1	2
MER126	1	3	1	1	1	1	1	1	1	1	1	2	1	2	1	1	2	1	2	0	1	2	1	1
MER127	1	1	1	1	1	2	2	1	1	3	2	1	1	3	1	1	2	1	1	1	1	1	3	2
MER129	1	1	1	1	1	1	1	1	1	4	0	1	1	1	2	1	1	1	1	2	1	1	1	1
MER130	1	1	1	1	1	0	1	1	1	1	1	1	1	1	9	1	1	1	5	2	9	1	1	1
MER131	1	2	1	3	2	1	10	1	4	16	1	3	1	1	1	3	2	11	2	1	1	1	1	1
MER132	2	1	0	1	1	0	1	0	1	0	1	0	0	0	1	1	1	1	1	0	2	1	0	0
MER133A	1	0	1	0	1	0	0	0	0	1	0	1	0	0	1	1	1	0	0	1	0	1	1	0
MER133B	2	0	2	1	2	0	1	0	1	1	0	1	0	1	0	0	0	0	2	1	0	0	0	0
MER134	1	1	2	1	9	1	2	6	2	4	1	1	0	1	1	1	2	6	1	1	1	2	1	1
MER135	2	2	3	1	5	1	3	2	10	2	3	1	2	3	1	4	35	3	5	1	3	5	8	2
MER136	53	6	0	1	0	0	0	0	1	1	1	0	1	0	1	0	1	0	1	0	1	1	7	0
MER1A	1	1	1	3	2	1	3	2	1	18	1	18	2	2	3	4	3	1	9	1	1	3	3	2
MER1B	1	12	2	1	17	1	1	11	1	14	1	1	4	1	6	4	3	3	2	2	9	1	1	1
MER2	20	1	13	1	25	7	2	23	2	1	28	31	8	24	20	2	1	18	2	15	2	29	48	3
MER20	18	5	2	9	4	3	11	25	14	8	7	7	13	9	6	13	11	4	6	2	99	10	13	9
MER20B	14	29	5	1	1	3	13	7	1	10	1	7	3	11	12	1	1	1	10	5	11	1	1	4
MER21-int	1	1	2	6	2	3	1	9	1	2	1	2	1	8	1	12	3	6	3	2	1	3	2	3
MER21A	8	5	2	1	8	1	5	4	1	1	1	4	2	8	7	2	2	4	2	2	1	4	1	4
MER21B	25	12	7	1	5	3	1	1	1	2	2	1	3	1	3	2	1	4	10	3	1	13	10	9
MER21C	1	3	6	1	11	1	10	10	3	10	2	2	1	8	11	1	2	3	1	4	3	1	1	1
MER2B	1	1	1	1	2	10	2	2	4	2	1	10	1	3	1	1	2	3	1	3	3	3	1	1
MER3	17	15	8	2	18	4	2	9	22	6	1	14	1	15	10	1	16	15	16	3	2	19	15	11
MER30	26	1	24	47	36	4	37	32	57	37	34	37	6	34	14	36	43	2	35	13	1	1	37	36
MER30B	1	1	0	2	1	8	1	1	2	1	1	1	0	1	2	1	1	1	4	1	1	3	1	1
MER31-int	2	15	10	2	2	4	3	18	2	12	2	22	3	2	1	1	2	1	3	1	35	1	25	28
MER31A	4	2	1	1	5	1	1	1	13	2	3	4	1	6	6	4	1	1	1	2	1	4	4	2
MER31B	4	7	7	1	6	1	5	1	1	3	5	1	2	8	2	7	1	6	8	2	1	3	7	1
MER33	1	2	14	20	1	3	28	2	2	1	1	2	3	1	11	1	2	97	15	9	2	1	1	13
MER34	1	4	1	1	3	2	1	3	1	1	4	2	1	1	2	3	4	2	3	1	4	1	3	2
MER34-int	7	4	1	8	2	1	7	6	5	5	3	8	1	4	2	6	4	1	9	1	8	9	4	8
MER34A	5	5	4	1	1	1	6	10	6	1	1	1	1	1	7	6	8	5	2	2	5	5	4	1
MER34A1	2	4	1	1	1	1	1	2	1	2	3	1	1	4	1	4	1	2	2	1	1	1	4	4
MER34B	1	2	3	8	2	2	5	2	1	6	1	3	1	2	1	3	1	1	4	4	4	4	1	4
MER34B-int	3	5	2	5	5	2	4	9	6	4	2	2	1	6	3	3	4	1	6	1	4	2	7	4
MER34C	1	3	1	1	1	1	1	2	2	1	1	2	1	2	1	1	2	5	1	1	1	1	4	1
MER34C2	4	3	1	3	2	1	2	5	6	3	4	2	1	2	1	3	1	3	2	1	1	1	3	2
MER34C_	1	1	3	1	3	1	1	1	4	2	2	1	1	1	2	1	3	1	3	1	1	1	4	2
MER34D	1	2	2	1	1	1	4	1	2	1	1	1	1	3	2	1	1	1	1	1	1	2	1	2
MER39	20	7	4	10	1	7	9	1	10	1	1	4	2	9	6	1	5	1	7	4	11	7	8	6
MER39B	7	9	1	1	1	1	3	1	1	10	15	3	4	20	2	21	2	6	1	3	7	1	3	2
MER4-int	70	23	4	52	7	3	18	7	35	3	14	11	4	14	6	17	11	8	15	2	11	12	34	50
MER41-int	30	38	16	38	34	4	47	26	48	30	39	25	1	43	23	32	1	22	55	9	40	42	46	35
MER41A	2	2	2	2	1	1	7	2	4	2	1	4	1	5	2	2	1	5	1	1	4	4	1	6
MER41B	3	5	5	3	4	2	4	2	7	5	1	4	1	2	1	4	4	3	3	1	2	3	8	2
MER41C	2	1	2	1	1	1	1	2	1	1	2	2	2	2	9	6	9	5	2	2	3	1	3	4
MER41D	1	1	1	3	1	1	1	1	2	3	5	3	1	1	1	2	3	1	1	1	1	1	3	1
MER41E	3	1	1	7	2	2	5	3	5	7	4	1	2	8	1	3	4	2	3	1	2	5	5	2
MER41G	8	2	1	1	1	1	1	1	1	2	1	1	2	2	1	1	1	1	1	1	1	1	3	4
MER44A	20	4	5	4	4	1	5	1	4	6	5	6	1	3	3	4	2	2	4	1	5	2	2	1
MER44B	3	1	2	7	1	1	2	5	1	1	4	1	1	1	1	4	5	2	5	1	4	2	6	1
MER44C	27	1	8	8	3	1	2	3	2	3	2	2	2	1	1	6	1	2	3	1	8	2	1	9
MER44D	1	2	1	1	5	1	5	2	1	3	1	2	1	2	1	1	1	1	1	2	9	1	2	1
MER45A	5	6	2	6	1	2	3	3	5	2	1	3	1	3	2	10	8	1	5	1	1	2	6	4
MER45B	3	6	1	8	5	3	1	4	7	2	4	2	3	16	4	6	3	1	13	2	17	1	10	3
MER45C	1	1	1	1	4	1	3	1	1	3	6	1	1	6	2	2	4	5	4	2	2	4	1	5
MER45R	1	1	1	1	1	1	2	1	1	1	2	2	2	1	3	1	4	1	1	2	3	1	1	2
MER46C	1	8	9	1	2	2	1	3	6	5	4	4	2	6	4	10	2	3	2	1	7	1	7	4
MER47A	12	10	5	6	10	4	4	8	12	1	8	1	1	7	5	1	6	1	7	1	5	1	6	3
MER47B	8	11	3	1	13	2	12	7	11	11	1	7	3	13	1	18	16	7	16	3	10	18	6	14
MER47C	1	1	1	2	2	1	1	1	1	3	1	1	1	2	1	1	2	1	1	0	1	1	2	1
MER48	1	1	1	1	1	1	2	1	1	2	1	1	1	2	1	2	2	9	1	1	1	1	22	6
MER49	5	2	2	8	5	1	5	1	2	1	1	2	1	4	2	2	4	1	1	3	1	4	1	1
MER4A	28	21	14	52	25	6	34	31	41	27	65	41	9	29	27	26	46	40	35	15	43	34	27	27
MER4A1	3	2	1	4	5	2	4	3	6	1	6	18	2	1	5	1	4	2	4	1	4	3	6	4
MER4A1_	2	1	1	3	2	1	3	4	1	2	2	2	1	1	4	3	7	1	6	2	4	3	4	1
MER4B	8	3	4	3	4	2	7	3	6	2	2	3	2	2	1	4	2	2	7	1	8	6	1	4
MER4B-int	10	2	4	6	5	1	3	7	6	4	2	5	1	3	6	6	5	6	1	1	12	7	3	7
MER4C	12	5	6	6	10	1	1	8	10	7	7	1	1	1	7	1	1	5	7	1	6	9	14	1
MER4CL34	1	2	1	4	1	2	1	3	3	4	1	3	1	1	1	2	4	1	2	1	1	2	3	2
MER4D	4	2	3	2	1	1	6	1	1	7	1	4	1	2	3	3	1	2	5	1	1	4	6	1
MER4D0	4	5	3	4	5	1	4	3	5	5	1	2	1	2	2	3	5	4	2	3	1	2	4	6
MER4D1	1	4	6	15	13	2	2	16	2	1	1	2	1	3	1	1	1	1	3	1	1	15	19	9
MER4E	1	2	4	1	1	4	10	14	12	1	1	1	2	2	1	1	16	8	4	2	1	9	2	2
MER4E1	3	3	2	2	2	1	3	3	4	2	3	1	1	1	2	6	4	1	1	1	3	3	2	4
MER50	9	4	1	8	1	1	1	2	2	5	9	2	1	1	2	18	1	1	1	1	10	8	2	4
MER50-int	2	5	1	8	6	2	6	5	6	5	7	12	3	6	2	4	4	7	6	4	8	5	4	6
MER50B	2	3	1	2	2	1	2	3	2	5	3	4	1	2	4	6	2	1	3	1	5	2	3	1
MER50C	2	2	1	1	1	1	1	1	1	1	1	1	0	1	2	2	1	1	1	1	1	1	1	1
MER51-int	3	5	4	3	6	3	4	4	8	3	6	5	3	3	2	6	4	4	13	4	6	3	9	1
MER51A	15	10	5	15	17	4	16	15	20	12	9	15	1	9	14	11	17	10	15	2	18	12	19	10
MER51B	1	2	1	7	5	1	2	1	9	1	1	2	3	2	1	1	5	1	6	1	2	2	1	4
MER51C	4	2	1	1	1	2	2	2	1	3	2	2	1	2	2	1	5	2	3	1	2	4	2	4
MER51D	2	1	2	2	1	1	1	1	1	2	1	1	1	2	2	1	1	1	1	1	1	1	1	1
MER51E	1	2	1	5	1	1	1	1	9	3	1	1	1	5	2	2	1	1	3	1	1	4	3	3
MER52-int	3	3	2	3	1	1	1	4	2	3	2	4	1	1	1	1	4	3	7	2	3	5	1	1
MER52A	4	2	1	10	7	1	2	5	10	2	2	3	1	3	2	2	3	1	2	1	4	5	4	2
MER52C	2	1	2	3	2	1	1	1	2	2	3	1	1	1	1	1	3	1	3	1	1	2	3	1
MER52D	2	1	3	1	2	5	4	4	3	2	1	2	5	7	5	3	6	3	2	1	6	1	1	4
MER53	6	2	2	1	13	1	14	12	9	8	6	24	1	1	5	11	7	6	6	6	1	6	1	1
MER54A	2	2	1	1	35	1	3	4	2	8	1	1	1	4	3	1	2	2	2	2	6	1	1	3
MER54B	1	4	5	2	3	1	1	1	1	1	1	1	1	1	3	3	2	1	1	2	2	1	1	1
MER57-int	2	5	3	1	2	1	2	1	3	5	1	12	4	3	1	4	3	1	3	1	2	2	3	1
MER57A-int	6	8	1	5	2	2	2	6	6	7	4	5	3	1	1	7	4	8	3	1	4	3	1	8
MER57A1	11	1	1	2	4	1	1	1	1	1	1	2	2	2	1	7	4	1	2	3	7	3	1	6
MER57B1	4	3	1	2	1	1	9	1	1	1	1	1	1	2	2	1	1	2	6	1	1	5	1	3
MER57B2	5	1	1	1	2	1	4	1	1	1	5	1	1	2	3	5	2	2	4	2	2	4	1	3
MER57C1	1	2	1	1	2	3	1	1	2	1	1	1	1	2	1	59	1	1	1	2	1	2	1	1
MER57C2	3	5	1	1	1	1	2	3	2	2	1	1	1	1	1	1	1	1	1	1	1	1	1	2
MER57D	1	2	1	1	1	1	1	1	1	1	1	2	1	1	2	1	2	3	1	1	1	2	2	3
MER57E1	4	1	1	4	3	1	2	2	1	5	1	2	1	1	4	1	1	3	2	1	3	2	4	2
MER57E2	1	1	0	1	2	0	1	1	1	1	1	1	1	1	1	1	1	1	1	1	1	1	2	1
MER57E3	19	20	7	23	19	8	18	24	17	16	30	17	7	21	1	11	27	13	13	7	15	10	1	24
MER57F	2	1	2	1	2	1	1	1	1	1	1	6	1	4	1	1	1	1	1	2	2	1	2	1
MER58A	49	1	11	31	1	3	26	2	27	2	2	1	1	2	18	1	29	23	1	5	1	1	2	1
MER58B	1	1	1	22	22	5	2	26	27	15	1	16	3	1	3	2	1	17	2	3	1	16	39	2
MER58C	3	5	2	3	7	2	3	1	8	4	4	10	8	6	2	6	5	3	1	1	8	7	8	3
MER58D	21	20	7	8	25	1	22	18	19	13	12	10	3	8	20	11	18	15	19	4	7	14	17	8
MER5A	4	3	2	7	1	17	3	4	3	4	1	1	21	2	28	3	2	46	1	13	2	1	3	2
MER5A1	43	1	16	20	26	6	22	40	34	1	29	27	4	26	28	31	38	22	1	6	26	2	1	2
MER5B	1	1	19	51	45	6	2	1	4	33	43	58	14	53	45	44	3	1	1	13	3	2	2	37
MER5C	14	3	1	2	7	1	9	3	3	4	4	4	1	6	4	4	6	2	5	2	7	2	3	5
MER5C1	1	1	1	1	1	1	2	1	2	1	1	1	1	1	1	1	3	2	1	1	1	3	2	4
MER6	2	1	1	2	1	1	2	1	1	1	2	1	1	1	1	3	1	1	1	1	2	1	2	3
MER61-int	5	4	1	6	8	3	4	3	7	2	14	2	1	4	1	5	3	4	4	15	5	5	7	3
MER61A	1	5	3	10	4	1	1	1	3	4	1	1	1	1	1	2	7	2	5	2	5	1	9	1
MER61B	4	1	2	1	6	1	2	3	2	3	1	5	1	4	2	2	3	3	2	1	2	3	1	1
MER61C	20	20	10	14	21	3	17	12	13	18	15	12	2	13	16	24	14	9	11	3	11	15	16	11
MER61D	1	2	1	1	1	1	1	1	1	2	1	1	2	1	1	1	1	1	1	2	2	1	1	1
MER61E	2	2	1	4	6	2	3	2	1	2	1	1	1	2	2	1	1	1	3	2	2	1	1	1
MER61F	2	1	2	2	1	1	1	1	1	2	1	2	1	3	3	2	1	2	1	1	1	1	1	1
MER63A	7	7	3	5	4	1	9	6	12	6	8	7	2	4	1	17	13	5	7	2	4	7	16	9
MER63B	38	36	24	1	50	5	45	39	68	46	48	44	9	1	19	37	54	38	38	3	63	45	51	45
MER63C	7	4	2	1	3	1	5	5	3	2	4	1	1	3	1	3	5	2	1	6	6	1	1	4
MER63D	15	3	3	3	2	1	3	4	1	5	4	1	1	5	1	6	6	1	6	1	3	1	4	2
MER65-int	4	2	1	5	9	1	3	4	1	5	1	2	4	2	3	2	4	5	1	2	4	3	4	3
MER65A	5	5	1	2	1	1	5	1	1	1	7	2	9	1	3	4	7	1	1	12	5	1	7	5
MER65B	1	1	1	1	1	1	1	1	3	1	1	1	1	1	1	1	1	1	1	1	1	1	1	1
MER65C	10	1	1	8	1	2	6	4	7	1	5	5	1	5	6	5	1	5	5	2	3	5	6	5
MER65D	86	78	22	85	111	17	93	72	92	78	86	85	15	98	62	81	78	56	72	12	102	63	101	66
MER66-int	11	10	6	13	9	1	10	13	15	5	8	8	4	12	4	7	9	9	9	2	8	9	6	10
MER66A	1	5	1	3	1	1	1	1	1	1	1	1	1	4	1	1	1	2	1	1	1	1	2	1
MER66B	1	2	5	3	1	1	5	1	3	1	2	3	1	1	1	1	1	1	2	2	2	2	2	1
MER66C	2	1	2	3	1	2	4	2	3	1	3	1	2	4	1	6	2	2	3	1	1	1	4	2
MER66D	1	1	1	1	1	1	1	1	3	3	1	1	1	1	1	1	1	1	37	1	3	1	1	1
MER67A	1	3	1	1	2	2	1	1	1	2	1	1	1	1	2	1	1	1	3	1	1	1	1	1
MER67B	9	14	1	1	2	1	2	1	5	6	1	4	2	5	1	4	2	7	6	1	2	5	2	3
MER67C	4	4	1	7	5	2	3	6	5	5	3	2	1	4	6	2	6	1	5	2	3	7	3	4
MER67D	4	2	2	2	1	1	1	3	1	4	1	2	1	2	1	3	6	9	1	1	5	2	1	2
MER68	20	13	6	8	25	2	9	19	22	18	4	6	3	11	15	10	16	5	11	2	9	4	11	10
MER68-int	9	12	12	11	18	1	13	19	12	7	7	9	2	12	5	13	16	4	12	4	6	7	16	14
MER68B	5	5	1	2	5	1	5	5	9	1	4	5	1	8	4	9	2	7	6	1	1	7	8	5
MER68C	1	1	1	1	1	0	3	2	1	2	1	1	1	1	2	1	1	1	2	1	1	1	2	1
MER6A	1	1	1	2	2	1	1	4	5	1	1	8	1	3	3	1	4	2	3	2	3	4	2	1
MER6B	2	1	1	1	2	1	2	1	2	1	1	1	1	6	1	3	1	2	1	1	1	3	1	1
MER6C	1	3	1	1	1	0	1	1	1	1	1	1	0	1	2	1	1	1	3	0	1	2	1	1
MER70-int	1	1	1	1	2	1	1	1	1	1	3	42	1	1	1	1	60	37	3	2	2	44	74	55
MER70A	2	2	1	1	2	1	1	1	1	4	1	3	1	3	1	2	3	1	1	1	1	3	1	1
MER70B	1	2	1	2	1	1	3	2	2	1	1	1	1	1	1	1	3	1	1	1	1	2	1	2
MER70C	3	3	1	1	2	2	1	2	1	1	4	3	1	1	2	3	3	2	2	1	3	2	1	3
MER72	3	7	1	4	5	1	4	7	8	5	1	3	1	1	1	3	7	4	1	1	1	6	5	7
MER72B	1	1	2	1	1	1	1	3	2	1	3	1	1	2	2	1	1	1	1	1	1	2	1	2
MER73	1	1	1	1	1	1	3	2	2	1	1	1	1	1	1	4	1	2	2	1	1	1	3	1
MER74A	1	1	3	1	2	1	2	1	9	2	3	15	1	1	1	11	1	7	8	1	8	2	5	5
MER74B	2	4	2	1	1	1	1	3	2	1	1	2	3	3	2	1	7	2	1	1	7	1	2	5
MER74C	1	3	2	4	2	1	1	2	8	3	2	3	1	4	2	2	3	1	2	2	4	1	1	2
MER75	1	1	1	23	3	3	8	1	1	2	2	1	2	1	1	1	2	1	1	2	10	4	1	2
MER75A	0	1	1	2	1	0	1	1	1	1	1	1	0	1	1	1	1	1	2	1	1	2	1	2
MER75B	1	1	1	1	1	0	1	1	1	1	1	2	1	7	1	5	1	3	1	1	1	2	1	1
MER76	1	1	1	3	1	1	2	2	3	4	1	2	1	1	1	1	6	1	1	1	1	3	3	4
MER76-int	3	5	2	2	3	1	6	2	4	3	2	2	1	3	1	2	3	3	3	2	2	2	2	2
MER77	1	4	5	7	12	1	1	1	14	1	5	8	1	3	2	9	10	19	9	1	14	2	10	1
MER77B	2	1	2	2	1	3	1	5	6	1	1	2	1	2	4	1	3	1	2	1	1	3	3	3
MER8	6	6	1	4	2	2	4	4	6	5	7	3	1	1	4	13	1	8	7	1	3	2	2	2
MER81	7	3	6	1	5	1	1	4	6	1	3	5	2	7	5	8	5	6	6	1	4	6	6	4
MER83	1	1	1	5	1	1	4	2	1	3	1	5	2	4	1	2	3	3	2	1	1	1	2	1
MER83A-int	1	4	8	1	1	1	2	1	2	1	1	1	1	5	1	1	3	1	2	1	6	1	1	1
MER83B	1	1	1	1	1	1	2	1	2	1	1	1	1	1	1	1	1	1	1	2	2	1	1	1
MER83B-int	1	1	1	5	8	1	1	5	3	1	4	1	2	1	1	1	2	1	3	1	1	2	5	1
MER83C	1	1	1	1	1	0	1	1	1	1	1	1	1	1	1	1	1	1	1	1	1	4	1	1
MER84	5	1	1	3	2	1	2	4	6	2	4	6	1	3	4	3	6	4	1	1	4	7	6	3
MER84-int	2	1	1	1	1	2	1	1	1	1	1	1	1	1	1	1	1	2	1	1	1	1	1	1
MER85	3	2	1	2	2	1	1	1	1	1	1	1	1	1	1	2	2	1	2	1	1	1	1	1
MER87	3	1	1	2	1	1	2	2	1	1	1	1	2	1	2	2	2	1	1	1	2	2	2	1
MER87B	23	17	6	13	22	1	20	20	31	24	25	10	4	25	14	20	19	14	26	6	24	15	17	15
MER88	1	1	11	1	1	7	2	1	1	1	1	1	16	3	1	1	1	45	1	5	21	48	1	1
MER89	1	1	1	2	2	1	1	4	6	1	1	4	3	4	1	7	3	2	2	1	4	4	6	1
MER89-int	5	1	1	1	1	1	6	1	3	3	3	1	1	1	3	2	1	1	1	1	1	5	1	1
MER90	4	10	3	8	7	1	9	6	7	13	6	4	2	3	2	14	14	7	5	2	10	5	12	5
MER90a	6	11	9	15	7	1	1	5	9	14	1	6	1	2	5	8	6	1	5	1	8	8	9	10
MER91A	3	5	1	10	5	1	1	4	6	5	5	4	2	3	1	8	6	1	1	1	7	4	3	3
MER91B	1	4	2	1	1	1	5	1	2	1	1	3	1	5	1	1	2	1	1	1	1	1	3	3
MER91C	1	1	1	5	1	1	1	1	6	2	3	1	1	2	1	1	1	1	2	2	1	1	1	1
MER92-int	1	14	2	7	5	1	2	2	1	1	6	7	2	9	2	2	2	5	1	2	1	5	2	4
MER92A	2	1	1	1	2	1	1	5	1	2	3	2	1	1	1	1	1	1	3	1	4	2	1	1
MER92B	2	3	5	2	8	2	11	4	2	1	1	8	2	7	6	11	6	1	7	2	1	7	1	5
MER92C	1	1	1	1	1	1	1	2	3	2	1	1	1	1	1	1	1	1	1	1	2	2	1	1
MER92D	5	2	1	1	4	1	1	4	4	3	1	3	1	1	2	1	1	1	1	1	2	1	1	3
MER94	4	3	4	1	3	2	7	4	12	1	1	1	2	3	6	8	7	6	4	3	2	6	1	6
MER94B	1	1	1	1	1	1	1	1	2	2	1	1	1	1	1	3	1	1	2	1	2	1	2	2
MER95	1	1	1	1	2	1	1	2	1	1	2	1	0	3	1	1	1	1	1	1	1	1	4	1
MER96	1	2	1	4	1	1	1	1	1	2	1	1	1	1	1	1	5	1	2	1	1	1	1	6
MER96B	79	63	38	80	78	18	75	86	137	71	88	84	12	93	63	84	99	56	80	13	96	87	88	84
MER97a	1	1	1	1	1	2	2	2	2	1	2	2	1	1	1	3	1	1	2	4	2	2	4	1
MER97b	1	1	1	1	1	2	1	1	1	1	1	1	1	1	1	3	1	1	1	2	1	13	1	8
MER97c	2	6	3	1	1	3	5	3	1	3	3	4	1	7	1	1	3	2	5	1	2	5	3	1
MER97d	1	5	1	1	2	1	1	4	2	1	1	36	1	1	2	1	1	2	1	2	2	2	1	1
MER99	1	1	2	1	1	1	1	2	1	1	2	1	1	1	1	3	2	2	2	1	1	1	4	8
MER9B	1	1	0	2	1	0	1	1	3	1	1	1	1	1	0	1	1	1	1	0	1	1	1	1
MER9a1	2	3	3	2	6	1	5	3	3	1	3	1	1	1	1	2	1	1	3	1	4	1	6	1
MER9a2	2	3	1	2	2	1	1	2	1	6	1	1	1	4	2	1	2	1	2	1	1	1	2	2
MER9a3	1	1	1	1	1	2	2	1	1	4	1	4	1	5	1	1	1	1	2	1	2	1	1	1
MERX	1	3	1	1	2	1	1	1	15	1	1	2	1	2	1	1	1	1	2	1	2	1	1	1
MIR	6	7	4	2	7	1	11	4	8	7	6	5	2	7	3	6	9	3	8	61	6	8	5	2
MIR1_Amn	15	13	2	11	13	1	1	7	19	13	8	10	1	13	12	1	9	4	10	3	10	16	16	18
MIR3	1	1	52	98	2	1	2	4	4	1	3	135	26	1	48	1	3	2	1	1	127	285	1	4
MIRb	7	1	2	3	7	48	3	3	11	1	6	2	1	4	3	288	7	4	5	60	1	6	5	6
MIRc	4	2	2	4	5	68	4	2	4	3	6	5	71	4	267	5	4	1	4	98	2	8	5	2
MLT-int	1	3	1	1	1	1	2	1	3	1	4	1	1	3	1	1	2	2	2	1	3	3	1	1
MLT1-int	1	1	1	1	1	1	1	4	1	1	1	2	1	1	1	3	2	4	1	4	2	1	1	2
MLT1A	22	4	1	2	3	4	1	5	3	1	3	2	1	2	2	2	1	11	3	1	2	1	1	2
MLT1A-int	1	15	1	1	1	1	1	1	1	3	3	1	1	1	1	2	4	1	2	2	1	2	1	2
MLT1A0	8	6	2	36	7	19	5	4	2	5	3	17	14	6	55	8	17	5	5	14	6	5	7	14
MLT1A0-int	155	132	78	174	177	43	156	174	1	143	157	152	35	138	122	152	173	131	146	44	153	139	169	166
MLT1A1	1	15	3	1	1	4	28	22	4	2	14	19	3	20	11	2	26	9	12	4	1	16	1	2
MLT1A1-int	14	7	4	16	10	2	1	9	12	12	1	12	2	11	14	15	7	2	9	1	11	12	11	11
MLT1B	12	8	4	18	14	1	8	12	12	5	13	8	2	15	10	11	13	7	25	4	15	13	12	15
MLT1B-int	1	3	1	2	2	2	2	2	4	2	1	2	1	4	3	5	3	2	3	1	1	1	3	3
MLT1C	5	4	2	2	4	1	3	2	6	3	4	5	4	4	1	1	2	6	3	1	35	2	9	5
MLT1C-int	1	1	1	2	5	1	1	2	1	1	1	1	1	1	4	2	2	1	1	1	4	1	2	1
MLT1C2	25	24	13	27	25	7	30	26	42	32	25	20	5	28	21	33	34	18	34	7	34	23	37	29
MLT1C2-int	5	6	3	6	5	2	4	4	2	6	4	1	1	10	2	2	11	5	3	1	2	8	10	3
MLT1D	10	10	1	5	15	5	14	13	13	8	8	5	9	8	6	14	8	7	9	8	15	13	3	8
MLT1D-int	3	3	1	4	1	1	2	5	3	3	2	2	2	1	3	1	3	1	3	1	1	2	6	1
MLT1E	3	3	3	2	6	1	1	5	4	2	4	3	2	6	1	3	2	1	11	2	1	1	5	2
MLT1E-int	1	2	1	0	2	0	1	0	0	1	0	0	0	0	1	0	0	1	2	0	1	1	0	1
MLT1E1	33	23	19	25	38	5	36	27	40	29	29	27	14	25	20	28	40	18	32	7	35	39	39	29
MLT1E1-int	1	1	1	2	1	9	1	1	31	1	35	1	1	26	22	1	26	19	1	1	1	22	2	1
MLT1E1A	19	10	3	1	30	1	11	13	1	13	1	13	3	17	11	1	11	3	1	1	11	1	10	10
MLT1E1A-int	1	2	1	2	1	6	1	2	1	1	1	2	4	2	1	3	3	1	3	1	1	3	1	1
MLT1E2	1	6	7	3	4	3	11	9	5	1	6	8	2	2	2	4	14	1	3	1	1	3	2	2
MLT1E2-int	1	7	6	1	4	4	1	1	1	3	1	2	1	1	2	2	4	2	6	3	1	5	2	2
MLT1E3	2	1	2	6	11	2	14	7	13	6	1	1	2	16	5	11	2	1	8	4	9	12	12	1
MLT1E3-int	1	1	3	1	1	0	3	1	1	2	1	1	2	2	1	1	1	1	2	1	1	2	2	1
MLT1F	1	1	20	4	3	5	2	28	44	2	1	1	9	3	2	3	2	1	3	1	1	3	3	3
MLT1F-int	2	1	1	1	2	2	3	1	1	3	1	1	1	4	1	1	1	1	2	1	1	2	1	3
MLT1F1	3	3	1	1	3	1	25	1	4	1	1	1	3	3	1	22	4	1	13	1	16	17	2	3
MLT1F1-int	2	4	1	1	4	8	1	2	1	1	2	1	3	16	1	1	3	1	1	2	1	2	2	5
MLT1F2	4	13	1	4	6	1	3	7	12	2	5	5	1	2	1	6	4	2	11	4	4	5	2	3
MLT1F2-int	1	1	2	6	1	1	1	1	1	20	1	2	1	2	3	1	1	8	1	1	1	2	1	6
MLT1G	2	7	3	11	2	1	9	5	1	1	1	1	2	1	8	1	2	6	1	1	3	1	4	6
MLT1G-int	2	2	1	3	2	1	4	5	2	2	1	1	2	1	1	1	1	3	1	1	1	4	1	1
MLT1G1	18	7	8	11	14	3	19	13	18	4	10	15	2	2	5	8	12	9	14	3	18	10	14	11
MLT1G1-int	2	2	1	1	1	1	1	3	1	1	1	1	1	1	1	3	6	1	1	1	1	1	1	1
MLT1G3	9	1	6	10	9	3	12	9	12	9	10	4	3	10	7	9	11	3	5	8	8	9	11	10
MLT1G3-int	3	2	1	2	1	2	1	3	1	1	3	1	1	6	1	3	2	1	1	1	1	1	2	1
MLT1H	1	3	14	5	4	3	2	1	2	2	2	1	4	3	2	2	2	3	3	5	1	4	1	1
MLT1H-int	2	2	1	1	3	1	3	1	1	1	1	1	2	4	1	3	1	1	5	1	1	1	1	1
MLT1H1	13	5	1	10	2	5	12	7	1	11	7	8	1	1	4	2	1	1	12	1	9	1	1	2
MLT1H1-int	1	2	1	1	1	1	1	3	3	3	1	1	1	1	1	1	5	1	1	2	5	1	1	1
MLT1H2	17	1	7	1	24	4	1	20	21	17	19	22	5	2	7	14	1	10	22	4	1	1	2	18
MLT1H2-int	2	2	2	1	6	1	2	1	3	2	1	2	1	2	1	1	1	1	1	1	1	5	1	1
MLT1I	2	1	1	1	22	1	1	15	21	19	1	1	2	15	13	16	1	1	2	4	1	1	38	14
MLT1I-int	5	1	1	3	3	2	1	2	2	1	1	2	1	2	1	3	2	2	1	1	3	3	2	1
MLT1J	1	83	76	108	3	27	1	1	149	1	1	118	41	2	113	135	1	118	114	28	109	126	125	135
MLT1J-int	2	3	3	1	1	2	6	1	3	2	3	2	1	7	2	1	3	1	1	1	4	3	3	2
MLT1J1	15	22	10	23	29	4	20	1	34	1	21	17	4	26	1	23	1	18	31	4	13	20	30	25
MLT1J1-int	1	4	3	3	1	4	1	3	5	1	1	1	1	2	3	1	3	1	1	2	1	3	2	1
MLT1J2	31	1	6	16	22	2	1	1	29	18	22	31	5	11	16	19	1	10	23	8	28	21	1	25
MLT1J2-int	1	2	1	2	2	1	1	1	3	4	2	1	2	2	2	1	4	2	2	1	5	4	3	1
MLT1K	2	1	15	1	34	6	1	31	62	25	37	39	4	46	14	37	50	25	28	6	40	28	1	30
MLT1K-int	1	13	5	1	1	2	1	1	1	1	13	7	3	8	1	2	1	1	2	2	7	2	1	1
MLT1L	15	26	9	36	26	4	25	1	48	33	21	33	3	24	22	1	21	1	22	8	30	23	30	29
MLT1L-int	1	1	3	2	1	0	1	1	4	1	1	1	1	1	0	1	1	1	1	1	1	1	2	1
MLT1M	3	1	2	16	3	1	4	3	22	2	2	3	2	21	2	5	4	4	7	18	5	3	113	4
MLT1M-int	0	0	0	0	0	0	1	0	0	0	0	0	0	0	1	0	0	0	0	0	0	0	0	0
MLT1N2	5	11	1	1	5	3	1	6	13	4	4	1	2	1	4	7	5	4	12	2	7	6	44	4
MLT1N2-int	1	1	3	3	1	1	1	1	1	1	2	1	0	2	1	1	1	1	1	0	8	2	1	2
MLT1O	16	20	3	10	4	3	8	2	8	10	4	10	1	9	4	14	15	7	1	1	1	67	17	1
MLT1O-int	0	1	0	0	0	0	1	0	0	0	0	1	1	1	0	1	1	1	0	0	0	1	0	0
MLT2A1	2	4	2	3	1	2	1	4	2	3	3	1	1	5	1	7	7	1	4	2	1	3	3	5
MLT2A2	2	6	1	2	3	10	2	5	4	1	1	3	6	1	2	1	1	1	1	1	3	3	2	1
MLT2B1	5	13	4	4	4	2	12	3	8	2	22	7	1	4	2	2	6	6	10	1	6	8	3	3
MLT2B2	13	7	6	1	19	2	10	1	13	7	2	1	3	14	9	1	1	7	11	2	8	2	18	10
MLT2B3	17	1	3	1	3	2	2	1	2	1	14	1	3	11	2	1	1	2	2	1	1	2	12	1
MLT2B4	18	28	7	27	26	6	30	27	43	25	29	28	7	37	16	23	27	13	22	6	31	24	26	24
MLT2B5	5	2	1	1	3	1	1	1	1	1	1	1	1	1	1	3	1	2	1	1	2	5	1	2
MLT2C1	5	2	1	5	5	1	4	7	7	3	4	15	2	6	1	5	6	1	4	1	1	1	6	2
MLT2C2	4	1	1	4	2	1	2	6	3	2	1	4	2	1	1	2	3	1	1	1	1	1	1	1
MLT2D	2	15	6	2	1	1	1	1	1	7	2	6	2	12	2	2	10	4	8	1	7	1	5	8
MLT2E	1	2	1	1	4	1	2	4	2	1	2	1	1	1	2	2	2	2	2	1	1	1	1	1
MLT2F	5	3	1	1	3	1	1	1	1	1	3	1	1	3	4	2	3	1	12	1	5	1	2	4
MSR1	1	5	7	2	3	1	1	19	1	1	2	19	2	1	2	2	25	14	21	3	1	4	4	4
MST-int	2	3	1	3	2	1	3	2	1	1	1	1	1	2	1	3	3	2	2	1	1	2	1	2
MSTA	5	6	28	4	3	1	11	2	1	1	4	2	2	3	48	7	4	3	8	2	3	4	6	14
MSTA-int	6	2	18	5	23	2	3	4	2	1	1	2	4	2	16	2	3	3	1	6	3	2	1	3
MSTA1	1	1	2	1	1	2	1	1	1	2	1	1	1	1	2	4	2	1	1	2	2	1	2	1
MSTA1-int	1	1	1	1	4	0	1	1	0	0	1	1	0	2	1	1	1	1	1	1	1	1	1	1
MSTB	1	2	1	3	59	13	2	3	1	48	2	43	26	2	3	1	1	1	2	12	1	65	1	1
MSTB-int	3	10	3	1	8	1	2	10	2	2	3	10	1	1	4	3	2	1	2	3	5	3	2	3
MSTB1	1	1	10	1	3	1	3	3	2	1	3	1	1	1	15	2	1	3	2	3	4	19	2	2
MSTB1-int	5	4	1	2	2	1	6	6	7	5	2	7	1	3	3	7	12	3	8	1	5	7	5	9
MSTB2	7	9	4	3	10	1	7	9	9	2	5	2	1	1	6	9	9	3	16	1	11	5	1	2
MSTB2-int	12	5	4	8	10	1	12	9	11	8	6	8	1	14	1	16	8	5	10	2	1	5	10	9
MSTC	20	1	1	1	1	1	1	1	30	11	1	16	2	6	1	2	13	11	1	3	3	1	2	11
MSTC-int	2	2	1	1	1	1	1	2	2	2	2	1	1	1	1	3	1	1	1	2	1	1	1	1
MSTD	1	1	1	3	1	3	1	1	19	1	17	1	4	16	1	1	2	36	1	2	1	2	21	2
MSTD-int	1	8	10	1	8	1	1	5	14	2	1	6	3	9	5	1	11	6	1	4	10	1	16	13
MamGyp-int	3	2	4	5	4	5	6	3	5	3	6	5	1	12	2	20	6	3	3	1	6	5	8	3
MamGypLTR1a	2	5	3	3	4	1	5	2	7	2	1	1	1	3	2	4	6	1	1	1	2	3	6	4
MamGypLTR1b	4	3	2	1	1	1	4	2	4	4	5	4	1	3	3	5	7	3	12	2	4	2	3	3
MamGypLTR1c	1	7	2	4	1	1	7	3	11	2	1	3	2	10	2	6	8	10	5	1	4	5	8	13
MamGypLTR1d	1	1	1	1	1	1	2	1	2	3	1	1	3	3	1	3	3	3	1	1	1	1	1	2
MamGypLTR2b	1	1	2	2	2	1	3	2	4	2	2	1	1	3	1	1	2	2	10	2	1	5	2	5
MamGypLTR2c	4	1	2	3	1	1	4	9	1	4	2	5	1	4	6	2	1	2	8	1	2	1	2	1
MamGypLTR3	2	2	1	1	1	2	1	1	2	1	1	1	2	1	7	2	5	1	5	1	1	1	1	1
MamGypLTR3a	6	1	1	4	2	6	1	1	1	1	1	2	1	3	1	1	4	1	1	1	2	4	1	1
MamGypLTR4	2	2	1	3	1	1	5	2	3	4	1	1	3	1	3	2	1	1	2	1	2	1	1	2
MamGypsy2-I	6	6	6	7	3	3	3	8	13	18	4	9	1	7	8	5	6	5	14	2	11	11	13	6
MamGypsy2-LTR	1	1	1	2	1	1	4	1	3	2	3	1	1	3	2	1	2	1	4	1	1	3	3	2
MamRTE1	15	15	1	2	10	5	17	15	1	5	2	14	2	23	3	18	2	8	15	5	21	1	17	11
MamRTE2	0	1	1	0	0	0	1	1	1	0	0	0	1	0	1	1	0	0	1	0	2	1	1	1
MamRep1151	2	2	1	1	3	1	3	3	1	2	1	2	1	4	1	3	1	3	4	1	2	3	6	2
MamRep137	2	3	6	4	2	2	4	5	4	1	1	4	1	2	4	2	3	2	1	1	3	3	10	1
MamRep1527	1	1	5	4	1	7	1	1	1	1	25	1	6	1	2	2	2	1	1	7	1	1	2	1
MamRep1879	7	7	1	4	5	1	7	8	9	3	1	4	1	4	5	9	6	4	6	1	7	6	3	3
MamRep1894	1	1	1	1	6	1	1	1	1	2	1	2	1	1	1	1	1	3	1	1	1	1	1	2
MamRep38	4	3	2	2	1	1	5	1	3	5	2	4	1	3	3	3	3	2	4	1	2	3	8	2
MamRep4096	1	1	1	2	1	1	1	4	1	1	1	2	1	1	1	1	1	2	1	1	1	1	1	1
MamRep434	18	14	10	17	17	4	23	11	26	14	17	10	3	14	20	16	18	15	13	3	17	20	18	14
MamRep488	1	3	1	1	1	2	1	1	1	1	1	2	1	1	1	1	1	1	1	1	1	2	1	1
MamRep564	1	6	1	11	1	1	7	4	2	3	1	1	1	1	1	8	1	2	1	4	12	1	2	7
MamRep605	1	82	1	1	1	5	29	2	2	1	2	1	1	2	2	55	10	3	1	1	6	3	21	5
MamRep605b	6	5	1	4	10	2	5	5	8	5	4	5	2	4	3	9	9	3	1	3	8	7	4	4
MamSINE1	1	13	10	18	13	7	20	11	73	14	1	12	3	15	19	10	19	10	19	6	19	22	20	19
MamTip1	5	1	1	4	2	1	3	3	3	2	3	3	1	1	3	2	11	1	1	1	3	2	3	2
MamTip1b	4	1	1	1	1	1	2	1	2	1	1	1	1	1	2	1	6	1	1	1	2	1	1	1
MamTip2	10	30	6	12	19	1	33	15	18	19	7	9	3	14	1	12	17	2	16	7	12	47	116	8
MamTip2b	23	1	1	1	21	5	3	1	25	3	19	1	4	20	1	24	1	21	1	1	1	14	1	1
MamTip3	1	1	1	1	2	1	1	2	5	2	3	1	1	1	1	1	1	1	2	2	1	1	17	2
MamTip3B	2	1	1	1	1	2	1	3	2	1	1	2	1	3	2	1	5	1	1	1	2	3	1	2
Mam_R4	1	69	4	1	13	1	10	1	14	12	2	30	2	11	1	23	14	3	47	2	4	7	10	2
Merlin1_HS	0	1	1	1	1	0	2	1	2	3	1	1	1	3	1	1	1	2	2	1	2	0	2	2
ORSL	11	3	1	1	3	1	8	1	5	3	2	1	1	1	2	4	2	2	2	1	5	4	1	4
ORSL-2a	1	1	3	2	1	1	1	1	1	2	1	2	1	1	1	2	2	1	1	1	107	1	1	1
ORSL-2b	1	1	3	1	1	1	2	2	2	2	1	1	1	1	1	1	1	2	1	1	1	1	1	1
OldhAT1	1	1	2	4	1	1	1	3	1	1	2	1	1	2	2	3	2	1	1	1	1	1	1	3
PABL_A	1	1	1	3	1	1	1	1	2	2	2	4	1	1	1	1	2	1	1	1	1	3	1	1
PABL_A-int	165	120	90	145	187	43	187	171	191	1	177	159	54	124	130	202	187	159	1	48	168	1	149	159
PABL_B	1	3	5	3	3	1	5	4	1	2	2	5	2	5	2	1	4	1	9	1	1	1	4	3
PABL_B-int	3	1	2	2	1	1	1	5	5	8	2	1	1	7	2	2	3	2	5	3	1	1	1	4
PRIMA4-int	358	215	1	392	1	95	334	364	2	381	336	376	103	378	299	377	1	297	1	148	347	349	1	1
PRIMA41-int	6	5	1	2	1	1	2	1	1	3	5	3	1	3	1	4	6	1	1	1	2	3	3	1
PRIMA4_LTR	1	1	1	1	4	2	5	2	10	1	3	1	1	4	1	3	1	5	3	1	1	2	1	3
PRIMAX-int	1	1	1	1	1	1	3	4	3	1	1	1	1	1	2	2	1	4	2	1	3	1	1	1
Penelope1_Vert	7	3	4	8	1	1	1	1	1	1	1	1	1	1	1	1	1	1	1	1	4	1	2	1
Plat_L3	6	8	2	4	6	2	10	10	8	10	3	3	3	8	5	6	7	2	9	1	4	12	13	4
PrimLTR79	1	1	1	1	1	1	2	1	1	1	1	2	0	2	3	2	1	1	1	1	1	1	2	1
REP522	1	1	7	1	1	1	1	1	1	7	1	8	2	2	1	1	1	7	5	1	4	3	4	3
Ricksha	5	2	3	3	2	1	3	3	3	2	6	2	1	5	3	2	1	5	3	1	5	2	6	3
Ricksha_0	1	1	1	1	3	3	1	5	1	1	2	2	2	3	2	1	4	1	1	5	1	2	2	2
Ricksha_a	2	1	0	1	1	1	1	2	1	1	1	1	0	1	1	1	1	1	1	1	1	2	1	1
Ricksha_b	2	1	5	1	1	1	1	1	2	1	1	1	2	1	1	1	2	1	3	1	1	3	1	2
Ricksha_c	2	2	3	1	1	1	5	1	2	3	1	1	1	1	3	1	4	1	1	1	3	4	2	1
SAR	0	0	0	0	0	0	1	0	0	1	0	0	1	0	1	0	1	1	57	0	0	0	1	0
SATR1	1	1	1	2	12	1	11	1	3	1	1	1	6	2	10	14	1	4	7	1	11	1	14	1
SATR2	3	1	13	2	1	2	1	1	4	3	1	1	1	1	1	3	1	1	1	1	1	2	2	1
SST1	6	8	4	14	13	1	8	18	14	7	15	9	2	10	5	6	12	6	10	2	13	14	13	4
SSU-rRNA_Hsa	694	1	1247	396	927	249	1339	297	1143	2176	152	1	448	1902	7	1	1193	669	986	146	1173	1336	1729	918
SVA_A	6	6	1	5	1	1	5	1	6	3	4	2	1	1	2	1	3	4	1	1	6	10	7	1
SVA_B	10	1	8	17	13	1	15	7	3	2	15	1	4	14	5	1	18	16	27	1	1	2	33	1
SVA_C	14	11	1	14	10	3	15	5	13	11	7	4	1	6	5	12	8	4	19	2	8	10	10	11
SVA_D	1	1	1	2	2	3	1	2	11	1	11	24	2	2	2	5	4	3	1	2	3	2	3	3
SVA_E	7	16	4	15	25	4	24	3	46	1	10	20	2	14	5	12	16	16	42	1	41	4	14	9
SVA_F	8	12	5	7	5	1	12	2	14	16	8	30	4	4	1	1	9	6	31	2	10	8	5	16
TAR1	1	1	2	1	1	1	1	3	1	3	2	1	1	2	3	1	1	1	2	1	1	1	1	1
THE1-int	2	1	1	2	1	1	1	1	3	4	3	1	1	1	2	2	3	1	3	1	4	1	1	1
THE1A	1	101	65	142	164	1	153	1	1	109	1	106	21	1	91	2	146	100	141	34	2	1	1	129
THE1A-int	8	11	8	1	10	2	16	1	12	12	9	10	3	10	11	1	1	11	16	2	7	13	16	16
THE1B	13	12	4	12	15	8	17	12	13	14	24	11	5	12	8	19	12	11	8	9	9	16	12	7
THE1B-int	28	33	1	1	29	3	3	2	1	1	1	24	3	2	19	4	34	2	3	6	2	1	2	2
THE1C	4	4	28	3	1	12	3	4	8	3	2	46	6	2	1	2	4	3	2	16	4	4	7	3
THE1C-int	1	17	3	3	1	4	2	1	2	1	1	11	7	1	1	2	10	14	1	3	11	1	17	14
THE1D	4	2	2	3	23	4	3	2	27	3	2	1	6	1	13	1	39	1	2	11	1	1	1	3
THE1D-int	1	2	1	18	15	2	1	18	1	1	20	18	3	21	15	1	22	13	15	1	1	16	2	19
Tigger1	4	3	1	90	6	15	2	2	8	4	1	8	1	3	1	4	4	2	3	29	5	1	6	4
Tigger10	3	8	2	2	1	1	4	1	6	2	2	3	3	2	3	7	5	29	1	1	3	5	5	4
Tigger11a	2	4	1	5	2	2	4	3	1	1	2	1	1	3	1	1	4	2	2	1	2	1	3	2
Tigger12	1	2	1	1	3	1	2	2	3	2	1	3	2	1	1	1	1	2	1	1	1	3	2	2
Tigger12A	1	1	1	1	5	1	1	5	2	3	1	1	1	2	4	3	3	1	4	1	3	1	3	4
Tigger12c	1	2	1	1	2	1	1	1	1	2	3	1	1	1	1	1	3	1	2	1	2	1	1	1
Tigger13a	20	15	9	28	17	1	19	13	31	18	21	18	3	21	15	17	16	15	16	4	26	3	22	18
Tigger14a	6	7	2	3	2	2	5	3	4	5	1	4	1	2	3	4	9	2	1	1	3	3	9	3
Tigger15a	9	8	7	9	11	1	20	12	12	10	16	81	3	14	6	7	31	10	12	3	8	14	12	12
Tigger16a	1	7	4	8	9	1	5	9	12	5	4	4	3	8	1	9	7	2	9	1	16	1	11	12
Tigger16b	7	4	1	4	2	4	4	1	10	1	3	2	1	1	4	1	2	1	4	2	5	2	11	1
Tigger17	2	3	1	2	1	0	3	2	2	1	1	4	1	3	4	1	1	1	3	0	1	3	1	2
Tigger17a	1	3	8	1	1	4	3	1	13	6	10	2	5	17	1	9	1	7	21	1	1	12	11	6
Tigger17b	1	2	1	1	1	0	1	1	2	1	1	1	0	1	2	4	1	1	1	0	3	2	1	1
Tigger17c	1	3	1	2	1	1	1	1	1	1	2	1	1	1	1	1	1	1	1	1	1	1	1	1
Tigger17d	1	1	3	1	2	1	1	1	1	2	1	1	1	1	1	2	1	1	1	1	1	1	1	2
Tigger18a	1	1	3	4	2	1	1	3	3	3	3	1	1	5	3	1	3	4	4	2	1	3	3	1
Tigger19a	1	7	1	9	4	1	7	3	2	9	11	2	1	5	3	9	4	3	7	1	7	1	9	6
Tigger19b	1	2	1	5	6	1	3	5	1	3	5	7	1	5	4	3	7	1	6	2	2	4	4	3
Tigger1a_Art	1	1	1	1	2	0	1	1	1	2	1	1	3	1	2	1	2	1	1	1	1	2	1	1
Tigger1a_Mars	1	1	0	1	0	0	1	0	1	0	1	1	0	0	0	1	1	1	0	0	0	1	1	1
Tigger2	3	8	1	9	3	2	1	2	2	3	3	1	1	1	1	1	8	1	3	1	1	3	1	3
Tigger20a	1	1	2	4	1	1	1	3	6	3	4	1	1	2	3	3	1	2	2	2	2	3	1	2
Tigger21a	1	1	1	4	1	18	2	1	1	1	1	1	17	1	1	1	1	1	1	1	2	1	1	1
Tigger22N1	3	3	1	2	2	1	5	2	3	1	4	1	3	4	7	3	3	8	2	2	3	3	3	4
Tigger23a	1	1	2	1	1	1	1	1	6	2	3	8	2	2	6	17	6	1	1	1	40	3	2	2
Tigger2a	1	2	3	6	3	2	1	2	1	5	6	1	1	1	2	4	5	3	2	1	7	1	2	1
Tigger2b_Pri	6	3	2	2	4	1	1	2	1	4	2	2	1	1	2	2	2	1	1	2	4	4	3	2
Tigger3	3	1	4	1	11	2	1	1	3	1	1	1	3	2	3	6	2	2	1	1	6	1	1	4
Tigger3a	1	8	2	15	2	2	2	11	1	9	8	1	6	1	4	2	1	1	7	2	4	2	6	8
Tigger3b	4	27	12	15	24	1	25	20	3	17	2	1	2	1	1	2	1	18	23	4	32	1	1	1
Tigger3c	1	6	1	5	4	1	1	1	1	2	1	9	1	4	1	6	1	1	1	2	4	1	5	7
Tigger3d	1	1	1	6	10	4	2	2	1	1	1	1	4	1	1	14	20	1	1	2	1	1	1	2
Tigger4	3	7	1	1	2	1	1	1	2	2	1	2	4	1	1	2	2	3	2	1	1	1	5	4
Tigger4a	1	4	5	3	2	2	9	1	10	1	1	1	6	4	2	8	4	1	5	1	14	4	2	1
Tigger4b	8	3	2	13	6	1	4	7	9	1	1	4	1	1	4	5	1	1	3	3	6	6	13	5
Tigger5	2	1	3	1	4	2	1	1	1	1	2	1	1	1	2	1	1	1	1	4	2	1	2	1
Tigger5b	2	1	1	1	2	1	1	2	2	1	1	3	1	2	1	1	2	1	1	1	2	15	2	1
Tigger6	2	3	1	1	2	3	3	4	1	1	4	4	1	1	9	1	8	1	5	3	1	3	1	4
Tigger6a	3	6	1	4	5	1	1	6	10	1	5	4	1	4	4	4	12	1	2	2	6	3	2	6
Tigger6b	3	4	1	2	1	2	1	6	4	1	4	1	1	4	6	1	4	1	1	1	1	8	1	5
Tigger7	8	3	7	1	2	5	7	2	1	3	1	8	1	3	1	7	1	4	13	2	7	9	1	7
Tigger8	1	4	2	3	3	2	1	2	4	3	1	4	1	1	2	2	1	1	4	1	3	3	4	1
Tigger9a	1	1	1	1	1	1	2	2	1	2	1	1	2	2	2	2	1	1	2	2	2	1	1	2
Tigger9b	1	7	1	6	9	3	9	6	9	5	6	6	1	11	4	12	8	4	11	3	13	6	1	4
X10b_DNA	1	1	1	1	1	1	1	1	7	1	1	1	1	2	1	1	1	1	1	1	1	1	2	1
X11_DNA	1	1	1	1	1	1	1	1	1	1	1	2	1	2	1	1	1	1	1	1	3	1	1	1
X12_DNA	4	3	1	2	5	1	6	5	6	3	3	3	1	5	1	2	7	4	2	1	6	2	5	8
X12_LINE	1	1	1	1	1	2	1	1	1	1	1	2	1	1	2	2	2	1	1	1	1	1	2	4
X13_LINE	1	1	1	6	2	1	3	1	5	2	2	2	1	1	1	3	3	2	2	1	2	1	1	3
X15_LINE	2	1	1	1	1	1	1	2	2	1	1	2	1	1	1	1	21	3	1	1	2	2	1	4
X17_LINE	1	1	2	1	1	1	1	2	1	3	2	2	1	6	2	1	2	2	4	1	2	1	2	1
X1_DNA	1	1	1	3	1	1	1	1	2	1	1	1	1	2	1	1	1	1	1	1	1	2	1	1
X1_LINE	1	1	1	2	1	1	1	1	1	0	1	1	0	1	1	1	1	1	1	1	1	1	1	1
X1_LR	0	0	0	0	0	1	0	0	0	0	0	0	0	0	0	0	0	0	0	0	1	0	0	0
X20_LINE	1	1	1	1	1	0	33	1	2	1	1	1	0	1	1	1	1	1	1	0	1	1	2	1
X21_LINE	1	1	1	1	2	1	2	1	1	1	0	1	0	1	0	1	1	0	2	1	1	1	1	1
X22_DNA	0	0	0	0	1	0	0	1	1	1	1	0	0	0	0	1	1	0	0	0	2	0	1	0
X23_DNA	1	1	1	2	1	1	1	4	1	2	4	2	0	1	1	1	5	1	4	1	2	4	1	2
X24_DNA	1	1	1	1	1	0	2	1	2	2	1	2	1	1	1	1	1	1	1	1	1	1	1	1
X24_LINE	1	1	1	1	1	1	2	1	1	7	1	2	1	2	2	1	1	1	3	1	1	1	1	1
X26_DNA	3	2	3	2	2	1	1	4	67	5	2	1	4	1	1	3	4	2	2	2	2	1	3	2
X2_LINE	1	2	1	2	1	2	1	1	1	2	2	1	1	1	1	1	1	1	1	1	1	2	1	1
X2a_DNA	1	1	0	1	1	1	1	2	1	1	1	2	1	1	2	1	1	1	1	0	1	1	1	1
X2b_DNA	2	1	1	1	1	0	1	1	1	1	1	1	1	1	1	1	1	1	1	1	2	1	7	0
X30_DNA	2	2	1	2	1	1	2	4	3	4	3	1	1	3	3	1	4	4	9	1	4	1	2	3
X32_DNA	17	1	1	1	2	1	1	1	1	2	1	1	2	2	1	3	1	1	1	1	1	1	9	2
X33a_DNA	1	2	1	1	0	1	1	2	2	1	1	2	0	1	1	1	1	2	1	1	1	1	1	1
X34_DNA	1	2	1	1	1	0	1	1	1	1	0	1	0	1	0	1	1	1	1	0	1	1	1	1
X4a_DNA	1	1	1	2	1	1	3	1	4	1	1	1	0	2	1	1	1	1	4	0	3	1	12	1
X4b_DNA	2	1	2	4	1	1	2	2	3	1	3	2	1	3	1	1	1	1	2	1	1	1	1	1
X5B_LINE	24	1	18	56	1	6	31	1	41	1	28	28	5	1	30	53	25	1	29	6	1	1	20	1
X5a_DNA	1	1	1	2	1	2	1	1	1	1	1	1	0	1	1	1	2	1	1	1	1	1	1	1
X6A_LINE	3	21	2	2	2	1	2	3	2	1	1	1	1	1	2	2	1	3	1	1	3	4	3	4
X6B_LINE	60	78	36	63	73	16	86	60	101	66	92	67	11	74	45	62	91	53	86	18	87	78	79	64
X6a_DNA	3	1	15	18	2	1	1	1	1	3	3	3	1	2	1	5	1	1	23	1	31	1	1	2
X6b_DNA	3	4	2	4	5	1	4	3	2	3	2	3	1	1	3	6	2	1	1	3	5	3	5	5
X7A_LINE	1	1	2	1	3	1	1	1	1	1	3	1	1	2	3	2	1	1	1	1	1	1	2	3
X7B_LINE	2	3	1	1	1	1	2	2	3	1	4	3	2	2	1	3	2	1	1	2	1	1	2	2
X7C_LINE	3	1	1	2	1	1	1	1	1	1	1	1	13	1	1	1	1	1	1	1	1	1	1	1
X7D_LINE	0	0	0	0	0	0	1	1	2	1	0	1	0	1	1	1	1	0	0	0	1	1	0	1
X8_LINE	3	1	2	1	1	1	1	1	1	2	1	1	1	1	1	1	1	1	1	1	2	1	1	1
X9_LINE	3	1	2	1	1	2	4	1	1	1	3	1	1	1	1	1	2	1	2	1	1	2	1	1
X9a_DNA	10	3	1	1	2	2	1	1	1	1	1	1	7	5	1	3	2	1	3	1	2	1	2	1
X9b_DNA	1	35	7	69	81	14	5	4	65	5	2	74	10	2	2	4	6	2	2	3	47	92	38	7
Zaphod	2	1	1	3	1	1	4	3	4	6	1	1	1	4	5	2	4	1	2	4	6	4	6	6
Zaphod2	1	5	2	1	2	1	2	2	6	3	2	2	2	4	1	3	1	2	1	1	2	1	5	2
Zaphod3	4	6	1	3	4	1	4	2	7	1	4	4	1	5	4	8	4	1	2	1	2	4	1	1
Zaphod4a	1	1	2	1	1	1	1	3	2	5	1	2	1	4	2	1	1	1	1	7	1	3	1	1
Zaphod5a	1	1	1	1	1	1	1	0	1	1	1	1	1	3	1	1	1	1	1	1	1	2	2	2
Zaphod5b	0	1	1	1	1	0	1	0	1	0	1	2	1	1	2	1	1	1	1	1	2	1	1	1
hAT-16_Crp	0	1	1	0	0	1	0	0	1	0	0	0	0	0	1	1	1	0	0	0	1	0	1	0
hAT-1_Mam	6	4	1	2	2	1	1	1	2	6	1	1	1	2	1	25	1	2	5	6	12	2	6	2
hAT-4b_Ther	1	2	1	1	1	2	2	2	1	2	1	1	1	1	2	2	3	4	2	1	1	2	3	1
hAT-5_Mam	4	8	2	6	3	1	4	3	11	2	9	7	1	5	7	7	11	1	9	1	5	8	8	4
hAT-N1_Mam	1	1	1	2	1	0	1	2	1	2	2	1	1	1	2	2	1	1	1	1	1	2	34	1
hAT-N1a_Mam	1	1	3	3	2	1	1	7	2	1	1	1	2	2	4	1	1	1	1	1	1	1	1	1
polypurine	2	1	0	1	1	1	1	1	1	0	1	0	1	0	0	1	0	1	1	0	1	0	1	1
tRNA-Ala-GCA	0	0	0	0	0	0	0	0	0	0	0	0	0	0	0	0	0	1	0	0	0	0	1	0
tRNA-Ala-GCG	1	0	0	0	0	0	0	0	0	0	0	0	0	0	0	1	0	1	0	0	1	1	1	0
tRNA-Ala-GCY	0	1	0	0	45	0	2	0	1	1	0	0	1	0	0	0	0	0	0	0	1	0	0	1
tRNA-Ala-GCY_	1	2	0	0	1	0	1	0	0	1	1	0	0	0	1	0	0	1	1	0	2	0	2	0
tRNA-Arg-AGA	1	0	0	1	1	0	0	0	0	0	1	0	0	0	0	1	1	1	0	0	2	1	1	0
tRNA-Arg-AGG	0	0	3	0	1	0	0	0	0	0	1	0	0	0	0	1	0	0	0	0	9	0	1	1
tRNA-Arg-CGA	0	0	0	0	0	0	0	0	0	2	0	0	0	0	0	0	1	0	0	0	0	0	0	0
tRNA-Arg-CGA_	0	0	0	0	0	0	0	0	0	0	0	1	0	0	0	0	0	0	0	0	0	0	0	0
tRNA-Arg-CGG	0	0	0	0	0	0	1	0	1	0	0	0	0	0	0	0	0	0	1	0	0	0	1	0
tRNA-Arg-CGY_	1	1	0	1	0	0	0	0	0	0	0	1	0	7	0	1	1	0	1	0	0	1	1	1
tRNA-Asn-AAC	0	1	0	2	1	0	1	0	1	1	1	1	0	1	0	3	4	0	2	1	0	1	1	2
tRNA-Asp-GAY	1	1	0	1	0	0	1	1	1	1	0	0	0	0	0	1	0	0	0	0	0	1	1	0
tRNA-Cys-TGY	1	1	1	1	1	1	17	1	1	1	0	1	1	1	0	1	1	1	1	1	1	3	1	1
tRNA-Gln-CAA	0	0	0	0	1	0	0	1	0	0	1	0	0	0	0	1	1	0	1	1	0	1	0	0
tRNA-Gln-CAA_	2	4	10	6	2	1	8	0	7	0	1	7	1	2	0	4	3	1	1	1	7	3	13	43
tRNA-Gln-CAG	0	1	0	1	0	0	1	0	1	0	1	1	0	1	0	0	8	1	1	0	1	5	6	2
tRNA-Glu-GAA	2	12	3	1	3	0	1	3	1	3	1	1	5	1	1	3	1	1	6	0	1	1	1	4
tRNA-Glu-GAG	0	0	0	0	0	0	1	0	1	0	1	0	0	0	0	0	0	0	0	0	0	0	1	0
tRNA-Glu-GAG_	1	2	1	2	0	0	1	1	1	1	1	1	0	0	1	1	1	1	1	0	0	0	1	1
tRNA-Gly-GGA	0	1	0	1	1	1	1	1	0	1	0	1	0	1	1	1	1	1	1	0	1	1	1	1
tRNA-Gly-GGG	0	2	0	0	0	0	1	2	1	0	0	0	1	17	2	0	3	0	0	0	1	4	1	1
tRNA-Gly-GGY	0	1	0	1	0	1	7	0	0	1	0	2	0	1	0	2	0	0	0	0	0	2	1	0
tRNA-His-CAY_	1	5	0	3	5	2	2	3	1	5	7	1	2	32	1	1	1	2	5	3	1	2	3	1
tRNA-Ile-ATA	1	0	1	1	1	1	1	1	1	2	1	1	0	1	0	0	1	0	1	1	0	1	1	1
tRNA-Ile-ATC	0	0	0	0	0	0	0	0	0	0	0	3	0	1	0	1	0	0	0	0	0	0	0	0
tRNA-Ile-ATT	1	1	1	1	1	1	1	0	1	1	0	1	0	1	0	1	1	1	5	0	1	0	0	1
tRNA-Leu-CTA_	0	0	0	0	1	0	0	0	0	0	0	1	1	0	0	0	1	0	0	0	0	0	0	1
tRNA-Leu-CTG	1	0	1	0	31	0	1	0	0	0	0	0	0	0	0	1	1	0	0	0	0	0	1	0
tRNA-Leu-CTY	0	0	1	0	0	0	0	0	1	0	0	1	0	0	0	1	1	1	0	0	1	2	1	0
tRNA-Leu-TTA	0	0	1	0	0	0	0	0	0	0	0	0	0	0	0	0	5	0	0	0	0	0	1	0
tRNA-Leu-TTA(m)	48	81	50	85	119	32	81	9	115	10	0	73	21	10	1	86	77	10	75	31	220	7	83	1
tRNA-Leu-TTG	0	0	0	0	0	0	0	0	0	0	0	0	0	0	0	0	1	1	0	0	0	0	0	0
tRNA-Lys-AAA	0	1	0	4	1	0	1	0	1	1	0	1	0	1	0	1	1	0	1	0	1	0	0	0
tRNA-Lys-AAG	1	0	0	1	1	0	1	0	1	1	1	0	1	1	1	1	0	1	1	0	1	0	1	1
tRNA-Met	1	0	0	0	0	0	1	0	1	1	1	0	0	0	0	1	0	0	0	0	0	1	0	1
tRNA-Met-i	0	1	1	1	0	0	0	0	1	0	1	1	1	1	0	0	1	0	0	0	1	2	1	0
tRNA-Met_	0	0	1	0	0	0	0	0	0	0	0	0	0	0	0	0	0	0	1	0	0	0	0	0
tRNA-Phe-TTY	76	1	0	1	0	0	1	1	1	0	0	1	0	0	0	1	0	0	0	0	1	0	1	1
tRNA-Pro-CCA	1	1	0	0	0	0	1	0	2	2	2	3	2	0	1	1	2	0	2	0	0	2	0	1
tRNA-Pro-CCG	0	0	0	0	0	0	1	0	1	1	0	0	0	0	0	0	0	0	0	0	0	1	1	0
tRNA-Pro-CCY	1	7	1	1	6	0	7	2	4	1	3	1	0	1	4	3	5	2	6	1	5	2	1	0
tRNA-Ser-AGY	0	1	0	0	0	0	0	0	0	1	0	0	0	0	0	0	13	1	0	0	1	1	0	0
tRNA-Ser-TCA	0	0	0	0	0	0	0	0	0	0	0	0	0	0	0	0	3	0	0	0	0	0	0	0
tRNA-Ser-TCA(m)	514	304	397	518	541	187	532	57	467	192	1	402	259	197	51	549	467	229	495	242	543	156	557	541
tRNA-Ser-TCA_	0	1	0	0	0	1	0	1	1	0	0	0	1	0	0	0	4	0	0	0	0	0	2	0
tRNA-Ser-TCG	1	0	1	0	0	0	0	0	1	1	0	0	0	0	0	0	3	0	0	0	0	0	1	1
tRNA-Ser-TCY	3	1	0	1	1	0	1	0	1	1	0	0	0	0	0	0	2	0	0	0	2	1	1	1
tRNA-Thr-ACA	1	1	0	0	1	0	1	0	2	0	0	1	0	0	0	0	1	0	0	0	0	0	1	0
tRNA-Thr-ACG	0	0	0	0	0	0	0	0	0	0	0	0	0	0	0	0	0	0	0	0	0	0	0	1
tRNA-Thr-ACG_	0	0	0	0	0	0	0	0	0	0	0	0	0	0	0	0	0	0	0	0	0	0	1	0
tRNA-Thr-ACY	0	1	0	0	0	0	1	0	1	0	2	0	0	1	0	0	0	0	0	0	0	0	0	1
tRNA-Thr-ACY_	0	0	0	0	1	0	0	0	0	0	0	0	0	0	0	0	0	0	0	0	0	0	0	0
tRNA-Trp-TGG	0	1	0	0	1	0	0	0	0	0	0	0	0	1	0	1	1	1	0	0	2	1	0	0
tRNA-Tyr-TAC	0	0	0	0	1	0	1	0	1	0	1	1	0	0	0	0	1	0	2	0	1	0	1	0
tRNA-Tyr-TAT	0	0	0	0	0	0	0	0	0	0	0	0	0	1	0	0	0	0	0	0	0	0	0	0
tRNA-Val-GTA	0	2	0	0	5	0	1	1	1	1	1	0	1	2	0	0	3	0	2	0	0	1	1	0
tRNA-Val-GTG	1	1	0	0	0	0	2	0	1	1	1	1	0	2	0	1	2	0	1	1	1	0	4	1
tRNA-Val-GTY	1	1	1	1	1	0	1	0	0	1	0	1	0	1	1	1	1	0	0	1	1	1	1	1
